appointment_id,day_of_week,time_slot,service_type,is_walk_in,staff_available,expected_service_time_min,waiting_time_min,previous_no_shows,no_show
1,Wednesday,16:00,General Consultation,0,2,33,63,1,0
2,Saturday,14:00,Specialist,1,2,14,31,1,1
3,Friday,11:00,General Consultation,1,6,35,50,4,1
4,Thursday,11:00,General Consultation,0,6,23,57,1,0
5,Monday,11:00,General Consultation,0,1,48,45,3,0
6,Monday,15:00,General Consultation,1,1,38,51,3,0
7,Monday,14:00,Follow-up,1,3,15,62,3,0
8,Friday,10:00,General Consultation,0,6,16,59,0,0
9,Thursday,10:00,Emergency,0,5,46,64,2,0
10,Friday,9:00,Emergency,0,3,27,54,4,1
11,Monday,14:00,Specialist,0,4,32,56,3,0
12,Saturday,15:00,General Consultation,0,2,47,70,3,0
13,Friday,10:00,General Consultation,1,2,10,72,1,0
14,Tuesday,9:00,Follow-up,0,1,13,25,3,0
15,Tuesday,9:00,General Consultation,0,5,44,11,1,0
16,Tuesday,16:00,General Consultation,0,6,32,70,1,0
17,Tuesday,11:00,Specialist,0,6,36,45,2,0
18,Thursday,15:00,Follow-up,0,1,35,46,0,0
19,Wednesday,14:00,Follow-up,0,4,17,37,1,0
20,Tuesday,11:00,General Consultation,0,3,25,20,1,0
21,Thursday,10:00,Specialist,0,3,12,13,2,0
22,Monday,10:00,General Consultation,0,5,41,1,1,1
23,Tuesday,14:00,General Consultation,1,1,14,71,4,0
24,Wednesday,15:00,Follow-up,0,1,29,69,0,0
25,Wednesday,14:00,General Consultation,0,4,23,32,4,0
26,Friday,12:00,General Consultation,0,3,41,5,3,1
27,Tuesday,9:00,General Consultation,1,1,35,36,0,0
28,Wednesday,16:00,Follow-up,0,6,15,13,3,0
29,Thursday,15:00,Follow-up,0,5,45,36,1,0
30,Monday,11:00,Specialist,0,3,49,7,2,0
31,Thursday,16:00,Follow-up,0,4,14,12,4,0
32,Monday,14:00,General Consultation,0,5,22,39,3,1
33,Monday,12:00,Specialist,0,2,41,57,1,1
34,Saturday,14:00,General Consultation,0,6,25,17,4,0
35,Saturday,15:00,General Consultation,0,4,10,56,4,0
36,Friday,14:00,Specialist,1,5,22,37,3,0
37,Tuesday,10:00,Emergency,0,1,20,31,1,0
38,Monday,11:00,General Consultation,1,2,17,65,2,1
39,Thursday,16:00,General Consultation,0,4,34,24,3,0
40,Wednesday,10:00,General Consultation,1,1,49,57,4,0
41,Monday,11:00,General Consultation,0,6,41,74,4,0
42,Wednesday,11:00,Emergency,0,2,33,32,0,1
43,Monday,11:00,Specialist,0,3,37,65,1,0
44,Saturday,14:00,Specialist,1,1,23,29,0,0
45,Tuesday,16:00,Follow-up,0,5,12,33,2,0
46,Thursday,10:00,General Consultation,0,4,45,68,3,0
47,Tuesday,10:00,Specialist,0,2,36,47,4,1
48,Thursday,10:00,General Consultation,0,1,29,39,1,0
49,Thursday,15:00,Specialist,0,3,24,50,4,0
50,Tuesday,14:00,Emergency,0,4,36,12,0,0
51,Saturday,11:00,Follow-up,0,4,37,30,0,0
52,Friday,15:00,General Consultation,0,1,34,38,3,0
53,Saturday,15:00,Follow-up,0,3,42,62,1,0
54,Saturday,15:00,General Consultation,0,6,23,47,1,0
55,Thursday,16:00,General Consultation,0,6,17,47,3,0
56,Saturday,10:00,General Consultation,0,2,23,60,0,0
57,Monday,14:00,General Consultation,0,1,10,11,0,1
58,Tuesday,12:00,Specialist,0,2,25,55,0,0
59,Monday,15:00,Specialist,1,6,27,17,4,0
60,Tuesday,14:00,Emergency,1,4,16,26,2,1
61,Wednesday,15:00,Specialist,1,2,24,27,0,0
62,Tuesday,14:00,Specialist,0,3,33,51,2,0
63,Friday,10:00,General Consultation,0,5,22,15,2,0
64,Wednesday,12:00,General Consultation,0,6,18,57,1,0
65,Tuesday,16:00,Specialist,0,6,24,8,3,0
66,Thursday,16:00,General Consultation,0,3,44,25,4,0
67,Monday,9:00,Follow-up,1,2,33,27,2,1
68,Friday,10:00,General Consultation,1,1,42,35,4,0
69,Monday,10:00,General Consultation,1,4,25,8,1,0
70,Saturday,14:00,General Consultation,0,5,17,46,0,0
71,Friday,15:00,General Consultation,0,1,38,50,2,0
72,Tuesday,10:00,General Consultation,0,1,32,56,3,0
73,Monday,12:00,Follow-up,0,3,40,31,1,0
74,Friday,15:00,General Consultation,0,2,49,66,4,1
75,Friday,14:00,Specialist,0,6,23,56,0,1
76,Friday,12:00,General Consultation,0,6,39,53,4,0
77,Friday,12:00,General Consultation,0,3,48,15,3,0
78,Monday,12:00,General Consultation,0,2,36,61,2,0
79,Wednesday,11:00,Follow-up,1,3,25,55,3,1
80,Monday,12:00,General Consultation,0,6,15,22,4,0
81,Friday,14:00,Follow-up,1,1,42,16,4,0
82,Thursday,15:00,General Consultation,0,4,27,37,3,0
83,Tuesday,14:00,Follow-up,0,2,25,71,3,1
84,Monday,15:00,General Consultation,1,5,21,29,3,1
85,Tuesday,10:00,Specialist,0,5,29,57,0,0
86,Tuesday,12:00,Specialist,1,1,49,21,4,1
87,Friday,9:00,Emergency,0,3,38,16,1,0
88,Thursday,10:00,General Consultation,0,3,39,14,0,0
89,Saturday,14:00,General Consultation,0,6,35,47,0,1
90,Wednesday,16:00,General Consultation,1,1,31,31,0,1
91,Monday,9:00,Follow-up,0,6,42,39,1,0
92,Friday,11:00,Specialist,1,6,48,56,3,0
93,Friday,15:00,Follow-up,0,5,38,57,4,1
94,Thursday,10:00,General Consultation,0,6,31,15,2,1
95,Friday,12:00,General Consultation,0,6,22,27,2,1
96,Wednesday,14:00,General Consultation,0,5,18,0,4,0
97,Thursday,14:00,Emergency,0,3,33,40,1,1
98,Wednesday,10:00,Specialist,1,2,24,47,2,1
99,Monday,11:00,Emergency,0,4,45,30,0,0
100,Monday,15:00,General Consultation,0,6,22,35,2,1
101,Monday,12:00,Specialist,0,2,36,32,4,0
102,Thursday,9:00,Specialist,0,5,46,32,0,0
103,Tuesday,15:00,General Consultation,0,2,16,22,2,0
104,Wednesday,9:00,Follow-up,0,4,17,59,4,0
105,Saturday,14:00,Emergency,0,2,46,29,1,0
106,Tuesday,10:00,Follow-up,0,2,23,44,4,1
107,Wednesday,16:00,Follow-up,0,2,21,38,1,0
108,Friday,11:00,General Consultation,0,2,45,44,0,0
109,Tuesday,11:00,General Consultation,0,1,49,11,4,1
110,Monday,10:00,Emergency,0,6,26,31,3,0
111,Tuesday,11:00,General Consultation,0,5,49,55,3,0
112,Monday,15:00,Follow-up,1,4,38,23,3,0
113,Saturday,16:00,Follow-up,1,5,36,12,3,0
114,Friday,11:00,Specialist,0,1,10,19,3,0
115,Thursday,11:00,Emergency,0,1,43,55,1,1
116,Friday,14:00,General Consultation,1,1,13,52,4,0
117,Friday,15:00,General Consultation,1,6,33,67,0,1
118,Tuesday,12:00,General Consultation,1,1,30,53,3,0
119,Saturday,11:00,General Consultation,0,2,42,33,3,0
120,Thursday,11:00,General Consultation,0,5,16,27,0,0
121,Friday,14:00,General Consultation,1,3,10,49,0,0
122,Saturday,9:00,Follow-up,0,4,12,1,3,0
123,Tuesday,14:00,Emergency,0,1,24,25,1,0
124,Monday,11:00,General Consultation,0,5,40,50,0,0
125,Tuesday,15:00,General Consultation,0,1,25,46,4,0
126,Wednesday,9:00,Emergency,0,6,19,25,4,0
127,Friday,12:00,General Consultation,0,1,38,74,1,0
128,Friday,12:00,General Consultation,0,1,15,73,2,0
129,Monday,14:00,General Consultation,0,1,38,60,1,0
130,Wednesday,9:00,Specialist,0,1,26,22,3,0
131,Wednesday,12:00,General Consultation,0,4,31,36,2,0
132,Tuesday,12:00,Emergency,0,5,33,40,3,0
133,Monday,12:00,General Consultation,0,6,26,51,4,0
134,Tuesday,14:00,Specialist,1,1,30,48,0,1
135,Saturday,14:00,General Consultation,0,1,20,26,3,0
136,Tuesday,15:00,Specialist,0,1,16,5,4,0
137,Wednesday,10:00,Specialist,0,1,48,73,1,1
138,Friday,15:00,Follow-up,1,2,14,65,3,0
139,Wednesday,12:00,Follow-up,0,2,30,23,4,0
140,Saturday,9:00,Specialist,0,3,27,37,0,0
141,Saturday,9:00,Emergency,0,1,44,27,3,0
142,Tuesday,11:00,Follow-up,0,3,29,27,4,1
143,Wednesday,15:00,Follow-up,1,4,24,65,3,1
144,Tuesday,14:00,General Consultation,1,3,14,60,0,0
145,Tuesday,15:00,General Consultation,0,5,22,45,3,1
146,Monday,12:00,General Consultation,0,2,21,68,3,0
147,Thursday,11:00,Specialist,0,2,30,74,4,0
148,Wednesday,10:00,General Consultation,0,1,46,73,2,1
149,Monday,11:00,General Consultation,0,1,15,42,3,0
150,Tuesday,11:00,Follow-up,0,4,16,58,2,0
151,Saturday,9:00,Follow-up,0,6,35,1,1,0
152,Tuesday,10:00,Emergency,0,4,17,14,3,0
153,Monday,12:00,General Consultation,1,5,18,36,2,0
154,Wednesday,14:00,Specialist,0,1,36,70,1,0
155,Saturday,16:00,General Consultation,1,1,13,19,4,0
156,Tuesday,16:00,General Consultation,0,4,30,34,3,0
157,Thursday,14:00,General Consultation,0,4,40,33,4,1
158,Friday,11:00,General Consultation,1,4,30,30,1,1
159,Tuesday,14:00,General Consultation,0,2,49,18,4,0
160,Friday,15:00,Follow-up,0,3,34,67,4,1
161,Wednesday,9:00,General Consultation,0,3,48,23,0,0
162,Thursday,11:00,Follow-up,1,1,24,38,1,0
163,Thursday,15:00,Specialist,0,2,44,53,4,0
164,Thursday,11:00,General Consultation,0,4,46,38,2,0
165,Monday,12:00,Specialist,1,1,37,16,1,0
166,Friday,12:00,General Consultation,0,2,23,18,0,0
167,Tuesday,10:00,Specialist,0,5,13,47,3,0
168,Tuesday,11:00,General Consultation,1,6,29,34,4,0
169,Monday,11:00,General Consultation,1,2,43,31,2,1
170,Thursday,9:00,General Consultation,1,1,21,46,0,0
171,Thursday,9:00,Specialist,1,3,42,46,1,1
172,Monday,15:00,Emergency,0,4,33,63,4,1
173,Wednesday,11:00,General Consultation,1,6,29,45,0,0
174,Tuesday,12:00,Follow-up,0,5,14,34,0,0
175,Thursday,11:00,Specialist,0,6,47,16,2,0
176,Monday,16:00,Emergency,0,6,39,41,3,1
177,Friday,10:00,Follow-up,0,2,33,28,3,0
178,Wednesday,11:00,Specialist,1,1,49,69,3,0
179,Saturday,15:00,Specialist,1,1,16,16,1,0
180,Monday,15:00,Follow-up,0,6,45,13,0,0
181,Tuesday,10:00,General Consultation,0,4,47,23,1,1
182,Monday,15:00,General Consultation,0,1,25,56,0,0
183,Saturday,12:00,General Consultation,1,6,24,49,2,1
184,Friday,12:00,Follow-up,0,1,32,56,2,0
185,Tuesday,10:00,Follow-up,0,4,21,60,1,0
186,Thursday,9:00,General Consultation,0,5,38,38,1,1
187,Friday,14:00,Specialist,0,6,24,54,2,0
188,Thursday,12:00,Specialist,0,3,38,35,4,1
189,Thursday,11:00,General Consultation,1,3,30,36,3,0
190,Tuesday,14:00,Emergency,0,6,24,13,3,0
191,Monday,15:00,General Consultation,0,2,23,26,2,0
192,Saturday,10:00,General Consultation,0,5,25,30,3,1
193,Saturday,14:00,Specialist,0,2,24,72,4,1
194,Thursday,10:00,Follow-up,1,3,13,43,4,0
195,Tuesday,14:00,General Consultation,0,4,36,67,0,0
196,Tuesday,14:00,Specialist,0,6,32,47,1,0
197,Friday,16:00,Specialist,0,1,38,56,3,0
198,Saturday,9:00,General Consultation,0,3,18,74,4,0
199,Saturday,9:00,General Consultation,0,5,16,21,1,0
200,Friday,11:00,Specialist,0,3,13,3,1,1
201,Thursday,10:00,General Consultation,0,5,14,71,0,0
202,Monday,10:00,Emergency,0,5,14,45,1,1
203,Monday,16:00,Follow-up,0,6,20,58,1,0
204,Saturday,10:00,Emergency,0,5,37,33,2,0
205,Thursday,11:00,General Consultation,0,2,25,10,0,1
206,Monday,14:00,Emergency,0,4,39,30,0,0
207,Monday,11:00,General Consultation,1,3,13,10,3,1
208,Thursday,15:00,General Consultation,1,4,11,55,1,1
209,Monday,9:00,General Consultation,0,1,12,37,3,0
210,Monday,12:00,General Consultation,0,3,30,20,4,0
211,Thursday,9:00,Specialist,0,4,15,9,1,0
212,Friday,9:00,Specialist,0,4,27,25,4,0
213,Thursday,16:00,General Consultation,1,6,14,7,2,0
214,Tuesday,10:00,Specialist,0,6,18,7,1,0
215,Friday,12:00,General Consultation,0,1,29,59,3,0
216,Tuesday,11:00,Specialist,1,5,37,71,3,0
217,Tuesday,11:00,General Consultation,1,3,35,33,1,0
218,Friday,15:00,Follow-up,0,6,27,15,3,0
219,Thursday,9:00,Follow-up,0,3,28,12,1,0
220,Friday,14:00,Specialist,0,1,12,21,0,0
221,Thursday,16:00,General Consultation,0,6,18,26,3,0
222,Thursday,12:00,General Consultation,1,6,45,63,1,0
223,Monday,16:00,Follow-up,1,5,40,1,1,0
224,Wednesday,9:00,General Consultation,1,3,26,25,3,0
225,Tuesday,11:00,General Consultation,0,3,32,68,0,1
226,Tuesday,10:00,General Consultation,1,3,43,29,3,0
227,Saturday,14:00,Specialist,0,5,14,7,1,0
228,Wednesday,16:00,Specialist,0,6,24,37,0,1
229,Saturday,10:00,Follow-up,0,1,12,60,4,1
230,Thursday,14:00,General Consultation,0,3,28,64,2,0
231,Friday,10:00,General Consultation,1,4,37,66,3,0
232,Wednesday,12:00,Follow-up,0,5,12,45,1,0
233,Thursday,12:00,Follow-up,0,2,47,71,0,0
234,Wednesday,16:00,General Consultation,0,1,13,42,0,1
235,Tuesday,14:00,Specialist,0,4,33,58,4,0
236,Friday,11:00,General Consultation,0,3,40,45,3,1
237,Tuesday,9:00,Emergency,0,2,20,71,0,0
238,Monday,10:00,General Consultation,1,1,46,34,4,1
239,Thursday,10:00,Emergency,0,5,10,38,1,0
240,Monday,10:00,Specialist,0,2,18,50,4,0
241,Saturday,15:00,Specialist,0,6,26,3,3,0
242,Saturday,12:00,General Consultation,1,2,10,50,4,0
243,Saturday,12:00,Specialist,0,4,12,4,0,0
244,Wednesday,9:00,General Consultation,0,1,35,54,0,1
245,Monday,15:00,General Consultation,0,4,40,19,2,0
246,Saturday,14:00,Specialist,0,4,35,23,4,1
247,Wednesday,9:00,Emergency,0,3,32,35,1,0
248,Saturday,14:00,Specialist,1,5,39,33,3,0
249,Saturday,12:00,Follow-up,0,2,19,53,2,1
250,Friday,9:00,General Consultation,0,1,17,33,4,0
251,Tuesday,12:00,General Consultation,1,6,34,16,1,0
252,Wednesday,12:00,General Consultation,0,5,31,4,2,0
253,Friday,10:00,Specialist,0,5,24,17,0,0
254,Tuesday,16:00,Emergency,0,1,19,54,3,1
255,Monday,15:00,Specialist,0,5,29,52,4,0
256,Thursday,14:00,General Consultation,0,3,32,49,1,0
257,Saturday,12:00,General Consultation,0,5,10,71,0,1
258,Friday,11:00,Specialist,1,3,11,44,2,0
259,Thursday,14:00,General Consultation,1,2,28,12,3,0
260,Monday,12:00,Follow-up,0,2,23,15,2,1
261,Thursday,9:00,Follow-up,0,4,17,12,2,0
262,Saturday,12:00,Specialist,0,3,47,19,1,1
263,Monday,15:00,General Consultation,1,6,21,65,0,0
264,Wednesday,12:00,General Consultation,0,2,35,46,4,1
265,Friday,9:00,General Consultation,0,5,36,18,1,1
266,Friday,15:00,General Consultation,1,1,38,44,3,0
267,Friday,10:00,General Consultation,0,1,24,36,2,0
268,Friday,10:00,Specialist,1,3,10,53,3,0
269,Wednesday,10:00,Specialist,0,6,37,5,1,0
270,Tuesday,11:00,General Consultation,1,4,12,13,1,0
271,Friday,14:00,General Consultation,1,5,27,3,4,0
272,Friday,12:00,General Consultation,0,3,43,54,2,0
273,Friday,10:00,General Consultation,0,1,41,33,1,1
274,Saturday,15:00,Follow-up,0,3,38,26,3,0
275,Wednesday,15:00,General Consultation,1,5,34,6,4,0
276,Wednesday,15:00,General Consultation,0,6,35,2,3,0
277,Friday,10:00,General Consultation,0,6,48,46,2,0
278,Thursday,12:00,Follow-up,0,2,17,1,4,0
279,Friday,16:00,Specialist,0,5,28,24,4,0
280,Friday,15:00,General Consultation,0,2,31,59,4,1
281,Saturday,9:00,Specialist,0,2,38,23,0,1
282,Tuesday,9:00,Follow-up,0,2,42,14,4,0
283,Wednesday,12:00,Emergency,1,3,47,13,3,0
284,Monday,16:00,General Consultation,0,1,44,53,3,0
285,Thursday,12:00,Follow-up,0,6,12,5,2,0
286,Monday,12:00,Emergency,1,3,28,17,1,0
287,Wednesday,9:00,Emergency,0,1,19,19,1,0
288,Thursday,14:00,Specialist,1,6,36,61,0,0
289,Tuesday,15:00,Specialist,0,5,24,39,4,0
290,Thursday,11:00,General Consultation,0,6,20,38,0,0
291,Monday,15:00,Follow-up,0,6,35,51,2,0
292,Monday,16:00,Specialist,0,6,33,31,2,0
293,Friday,10:00,Specialist,0,4,22,72,1,1
294,Wednesday,12:00,General Consultation,0,5,41,26,2,1
295,Monday,11:00,Follow-up,1,3,46,51,4,0
296,Thursday,15:00,Follow-up,0,3,13,62,3,0
297,Friday,12:00,General Consultation,0,1,22,73,2,0
298,Tuesday,14:00,Follow-up,0,3,18,62,0,0
299,Thursday,15:00,Specialist,1,2,43,16,4,0
300,Monday,11:00,Follow-up,0,6,46,48,2,0
301,Monday,16:00,General Consultation,0,3,16,22,2,0
302,Thursday,12:00,General Consultation,0,1,10,71,4,0
303,Thursday,10:00,Emergency,0,1,21,12,2,0
304,Thursday,14:00,General Consultation,0,2,30,22,3,1
305,Friday,15:00,Follow-up,1,1,20,56,1,0
306,Saturday,11:00,Specialist,0,4,23,61,4,0
307,Wednesday,15:00,Specialist,1,6,43,53,0,0
308,Tuesday,16:00,General Consultation,0,6,43,19,2,0
309,Friday,11:00,Specialist,0,6,34,51,1,0
310,Tuesday,16:00,General Consultation,1,5,13,22,0,0
311,Wednesday,10:00,General Consultation,0,3,35,34,0,0
312,Monday,10:00,General Consultation,1,4,25,66,3,0
313,Monday,10:00,General Consultation,0,3,19,33,1,0
314,Saturday,15:00,Emergency,1,4,11,32,4,0
315,Friday,14:00,Emergency,0,3,44,45,1,0
316,Friday,10:00,General Consultation,0,2,28,44,1,0
317,Wednesday,11:00,Follow-up,0,1,15,18,0,0
318,Monday,14:00,General Consultation,0,1,28,14,3,0
319,Monday,9:00,Specialist,0,2,17,65,3,0
320,Tuesday,15:00,Follow-up,0,4,23,38,1,0
321,Thursday,15:00,Emergency,0,5,19,17,1,1
322,Friday,12:00,General Consultation,0,4,12,69,2,1
323,Thursday,16:00,Follow-up,1,1,47,58,0,0
324,Tuesday,11:00,General Consultation,0,5,38,31,4,1
325,Saturday,16:00,Emergency,0,3,24,20,4,0
326,Friday,14:00,General Consultation,0,5,32,39,3,1
327,Thursday,14:00,Specialist,0,4,32,26,0,0
328,Thursday,10:00,Specialist,0,2,27,1,3,0
329,Wednesday,15:00,Specialist,0,3,28,38,4,0
330,Tuesday,11:00,General Consultation,1,4,37,55,1,0
331,Wednesday,10:00,Emergency,1,3,35,12,0,0
332,Friday,9:00,General Consultation,0,5,19,55,0,1
333,Monday,12:00,Specialist,0,1,13,65,2,0
334,Monday,12:00,General Consultation,0,4,11,55,1,0
335,Monday,14:00,General Consultation,0,2,12,27,1,0
336,Monday,15:00,Specialist,0,5,16,63,3,0
337,Friday,9:00,General Consultation,0,4,25,70,0,0
338,Friday,14:00,General Consultation,0,2,40,63,3,0
339,Wednesday,10:00,General Consultation,0,4,19,55,1,0
340,Monday,15:00,General Consultation,0,5,28,40,2,0
341,Wednesday,15:00,Follow-up,1,4,37,40,0,0
342,Wednesday,12:00,Follow-up,0,3,26,3,1,0
343,Monday,14:00,General Consultation,1,5,37,56,2,0
344,Wednesday,11:00,General Consultation,1,4,28,29,4,1
345,Wednesday,12:00,General Consultation,0,1,46,45,1,0
346,Thursday,15:00,General Consultation,0,4,32,55,4,0
347,Thursday,12:00,Specialist,0,3,29,30,3,0
348,Monday,11:00,Specialist,1,2,22,6,4,0
349,Wednesday,12:00,General Consultation,1,2,22,53,1,0
350,Thursday,15:00,General Consultation,0,2,20,7,4,0
351,Wednesday,11:00,General Consultation,0,1,24,54,0,0
352,Friday,10:00,Follow-up,1,3,26,68,1,0
353,Thursday,14:00,Emergency,0,5,37,43,2,0
354,Monday,15:00,General Consultation,1,2,28,12,4,0
355,Monday,9:00,General Consultation,1,3,13,19,0,0
356,Thursday,10:00,Follow-up,0,4,31,31,3,0
357,Monday,10:00,Emergency,0,1,31,59,3,0
358,Thursday,11:00,General Consultation,0,3,46,49,4,0
359,Saturday,12:00,General Consultation,0,3,48,26,3,1
360,Thursday,14:00,General Consultation,0,5,43,24,2,0
361,Wednesday,14:00,Specialist,1,3,42,51,1,0
362,Thursday,14:00,General Consultation,1,5,49,67,0,0
363,Wednesday,11:00,General Consultation,1,1,42,20,4,0
364,Thursday,15:00,Specialist,0,1,21,17,3,0
365,Saturday,12:00,General Consultation,1,4,11,38,1,0
366,Wednesday,16:00,Follow-up,1,5,37,14,2,0
367,Saturday,14:00,General Consultation,0,5,19,52,3,0
368,Saturday,10:00,General Consultation,0,2,31,37,3,0
369,Tuesday,14:00,Specialist,0,2,26,47,0,0
370,Monday,11:00,General Consultation,1,4,35,51,2,0
371,Monday,14:00,Emergency,0,1,12,71,2,1
372,Monday,9:00,Specialist,1,6,16,27,4,0
373,Monday,10:00,General Consultation,0,2,17,15,0,1
374,Thursday,15:00,Follow-up,0,3,29,15,4,1
375,Monday,10:00,General Consultation,0,1,21,34,0,1
376,Tuesday,15:00,Emergency,0,6,44,16,2,1
377,Friday,11:00,General Consultation,0,3,26,72,0,0
378,Monday,14:00,Specialist,0,5,37,51,0,0
379,Friday,14:00,General Consultation,1,1,19,11,0,0
380,Tuesday,12:00,General Consultation,0,4,31,47,1,0
381,Monday,11:00,Follow-up,0,5,47,21,1,1
382,Friday,10:00,Follow-up,0,5,42,48,2,1
383,Thursday,9:00,General Consultation,0,3,31,51,0,0
384,Friday,11:00,General Consultation,0,5,46,0,2,0
385,Friday,14:00,Follow-up,0,2,22,65,1,0
386,Friday,16:00,Emergency,1,1,36,63,0,0
387,Tuesday,15:00,General Consultation,0,2,24,7,4,0
388,Monday,15:00,Specialist,1,3,31,24,1,0
389,Friday,15:00,General Consultation,1,6,39,65,1,1
390,Friday,14:00,Follow-up,0,3,49,72,1,0
391,Saturday,10:00,General Consultation,0,1,46,72,0,1
392,Wednesday,16:00,General Consultation,0,5,43,69,3,0
393,Wednesday,14:00,Follow-up,1,4,43,50,4,1
394,Friday,12:00,General Consultation,1,3,44,52,4,0
395,Tuesday,9:00,Specialist,0,1,28,14,2,1
396,Saturday,11:00,General Consultation,1,4,17,49,0,0
397,Friday,12:00,General Consultation,0,5,48,70,1,0
398,Wednesday,15:00,General Consultation,1,6,42,74,3,0
399,Friday,12:00,Specialist,1,3,37,37,0,1
400,Friday,11:00,General Consultation,0,6,46,39,0,0
401,Monday,16:00,Specialist,0,1,34,65,3,0
402,Saturday,9:00,Follow-up,0,6,45,38,1,0
403,Wednesday,11:00,Follow-up,0,6,26,73,0,0
404,Friday,9:00,General Consultation,1,1,33,16,4,1
405,Tuesday,14:00,General Consultation,0,1,30,6,4,0
406,Saturday,16:00,General Consultation,0,3,11,38,3,0
407,Wednesday,11:00,General Consultation,0,6,40,67,1,1
408,Monday,15:00,General Consultation,1,4,42,34,3,1
409,Saturday,11:00,Specialist,0,1,39,50,0,1
410,Monday,16:00,General Consultation,0,5,21,46,4,0
411,Tuesday,14:00,General Consultation,0,6,21,35,2,0
412,Saturday,15:00,General Consultation,1,1,33,63,3,0
413,Saturday,9:00,Specialist,1,4,33,12,2,0
414,Thursday,16:00,General Consultation,0,3,20,17,2,0
415,Thursday,14:00,Specialist,0,6,22,20,4,0
416,Wednesday,11:00,General Consultation,0,1,36,64,3,0
417,Tuesday,15:00,Follow-up,0,1,17,7,2,0
418,Tuesday,11:00,Follow-up,0,5,19,47,0,1
419,Thursday,15:00,General Consultation,1,5,17,42,1,0
420,Friday,9:00,General Consultation,0,6,29,52,1,0
421,Friday,14:00,General Consultation,1,1,17,26,4,1
422,Friday,12:00,General Consultation,0,6,18,18,3,0
423,Monday,9:00,Specialist,0,1,16,22,3,0
424,Wednesday,10:00,Follow-up,1,5,23,49,1,1
425,Monday,9:00,Specialist,0,4,37,50,0,1
426,Thursday,12:00,Follow-up,0,2,11,42,1,0
427,Wednesday,11:00,General Consultation,0,2,17,50,1,0
428,Saturday,12:00,General Consultation,0,1,22,68,3,0
429,Wednesday,11:00,Follow-up,0,5,30,40,2,0
430,Monday,11:00,General Consultation,0,3,37,71,0,0
431,Monday,14:00,Specialist,1,3,44,10,3,0
432,Friday,9:00,General Consultation,0,2,32,51,1,0
433,Thursday,16:00,General Consultation,1,4,24,22,2,0
434,Monday,15:00,Emergency,0,2,11,48,0,0
435,Monday,14:00,General Consultation,1,1,21,37,4,0
436,Friday,12:00,Emergency,0,4,45,46,0,0
437,Monday,15:00,Emergency,1,3,12,71,0,0
438,Friday,10:00,Follow-up,0,5,14,6,1,0
439,Friday,9:00,Specialist,0,5,12,65,1,0
440,Monday,10:00,Specialist,0,1,28,61,4,0
441,Monday,15:00,Follow-up,0,2,11,28,4,0
442,Saturday,9:00,General Consultation,0,1,46,37,4,0
443,Wednesday,12:00,Specialist,0,5,26,32,3,0
444,Wednesday,16:00,Specialist,0,3,23,28,3,0
445,Friday,15:00,General Consultation,1,5,37,22,1,0
446,Saturday,12:00,General Consultation,0,4,36,2,1,0
447,Saturday,9:00,General Consultation,0,6,19,44,4,0
448,Friday,15:00,Specialist,1,5,12,7,3,0
449,Wednesday,12:00,Follow-up,0,5,45,28,2,0
450,Monday,9:00,General Consultation,0,6,47,1,3,0
451,Friday,9:00,Emergency,0,4,34,49,1,1
452,Thursday,16:00,Specialist,1,2,31,64,3,0
453,Wednesday,14:00,Follow-up,1,5,48,19,1,0
454,Saturday,15:00,Specialist,1,1,39,51,4,1
455,Monday,15:00,Follow-up,0,5,30,36,4,1
456,Wednesday,12:00,General Consultation,1,1,39,71,4,0
457,Monday,12:00,Follow-up,0,4,37,26,2,0
458,Wednesday,11:00,General Consultation,0,5,40,46,2,0
459,Monday,11:00,Follow-up,0,4,35,5,1,0
460,Monday,11:00,Emergency,0,4,31,59,0,0
461,Monday,15:00,General Consultation,0,2,30,44,2,0
462,Thursday,14:00,General Consultation,0,5,10,43,1,0
463,Friday,15:00,Follow-up,0,1,46,17,3,0
464,Thursday,11:00,General Consultation,0,1,22,64,4,0
465,Saturday,14:00,Follow-up,0,5,30,24,4,1
466,Wednesday,14:00,General Consultation,0,6,18,26,4,0
467,Tuesday,12:00,General Consultation,1,2,26,6,1,0
468,Friday,14:00,Emergency,0,2,30,43,4,0
469,Tuesday,10:00,Specialist,1,2,40,28,2,0
470,Saturday,12:00,Follow-up,0,1,48,43,3,0
471,Monday,9:00,General Consultation,0,4,31,35,4,1
472,Saturday,11:00,Specialist,0,6,21,18,1,1
473,Monday,12:00,Specialist,0,2,15,5,3,0
474,Saturday,14:00,Specialist,1,1,25,24,4,0
475,Thursday,16:00,Specialist,0,1,35,30,0,0
476,Saturday,14:00,Specialist,0,4,14,8,4,0
477,Monday,14:00,General Consultation,1,5,18,73,2,0
478,Thursday,12:00,General Consultation,0,5,49,36,3,0
479,Saturday,14:00,Follow-up,0,2,23,26,2,0
480,Thursday,9:00,General Consultation,0,2,39,12,0,0
481,Thursday,10:00,Specialist,0,6,35,40,0,0
482,Friday,11:00,General Consultation,0,4,38,65,2,1
483,Wednesday,12:00,Specialist,0,2,28,23,3,0
484,Thursday,9:00,Follow-up,1,4,17,43,0,0
485,Thursday,10:00,General Consultation,0,1,32,59,0,0
486,Saturday,11:00,General Consultation,0,2,44,8,4,0
487,Monday,16:00,General Consultation,0,1,40,1,1,0
488,Tuesday,11:00,Specialist,1,3,44,55,0,0
489,Saturday,12:00,Follow-up,1,4,41,29,3,1
490,Saturday,10:00,General Consultation,0,3,14,21,3,0
491,Wednesday,14:00,Follow-up,0,2,25,74,4,0
492,Thursday,11:00,General Consultation,0,1,26,12,3,0
493,Tuesday,10:00,Specialist,0,2,41,70,4,1
494,Tuesday,12:00,Emergency,0,3,47,15,0,1
495,Wednesday,9:00,General Consultation,0,2,41,44,0,0
496,Wednesday,9:00,Specialist,0,6,29,64,0,0
497,Thursday,10:00,General Consultation,1,5,11,10,0,0
498,Monday,9:00,General Consultation,0,3,29,69,1,0
499,Saturday,9:00,General Consultation,1,2,27,19,1,0
500,Saturday,11:00,General Consultation,0,1,10,62,0,0
501,Friday,15:00,Specialist,0,2,38,11,3,0
502,Thursday,12:00,General Consultation,0,1,38,61,4,0
503,Tuesday,12:00,Specialist,0,5,28,41,2,0
504,Friday,11:00,General Consultation,0,2,49,68,4,1
505,Thursday,16:00,General Consultation,0,5,15,57,2,0
506,Monday,11:00,Specialist,0,3,48,4,2,0
507,Saturday,9:00,Emergency,0,1,17,26,0,0
508,Friday,14:00,General Consultation,1,6,33,27,2,0
509,Saturday,9:00,Follow-up,0,3,29,25,0,0
510,Friday,11:00,Specialist,0,1,23,48,1,0
511,Thursday,12:00,Specialist,0,5,14,20,3,0
512,Wednesday,15:00,Specialist,1,4,49,0,2,0
513,Saturday,12:00,General Consultation,0,2,43,57,3,0
514,Friday,14:00,General Consultation,0,5,25,54,0,0
515,Monday,16:00,Specialist,0,1,16,25,2,1
516,Monday,10:00,General Consultation,0,1,25,24,4,0
517,Wednesday,11:00,Emergency,1,1,16,32,1,0
518,Friday,11:00,General Consultation,0,1,36,71,1,0
519,Saturday,11:00,General Consultation,0,2,23,68,2,1
520,Monday,11:00,Follow-up,0,3,23,5,1,0
521,Thursday,16:00,General Consultation,0,6,42,22,4,0
522,Wednesday,14:00,Specialist,1,4,42,29,3,1
523,Saturday,14:00,Specialist,0,2,29,53,4,0
524,Friday,11:00,Emergency,0,1,45,10,1,0
525,Friday,15:00,Follow-up,0,2,16,30,3,0
526,Wednesday,16:00,Specialist,0,5,41,5,4,1
527,Wednesday,15:00,Specialist,1,6,12,10,0,0
528,Tuesday,9:00,Emergency,0,1,48,11,0,0
529,Monday,14:00,General Consultation,0,4,38,65,3,0
530,Friday,9:00,General Consultation,1,1,33,52,3,0
531,Friday,10:00,General Consultation,0,6,31,35,3,0
532,Saturday,9:00,General Consultation,0,4,15,16,0,0
533,Saturday,14:00,Specialist,0,6,33,27,4,0
534,Thursday,14:00,Specialist,1,4,49,21,3,0
535,Friday,9:00,Specialist,0,3,32,6,0,0
536,Saturday,11:00,General Consultation,1,3,47,14,3,1
537,Friday,12:00,Follow-up,0,2,19,10,3,0
538,Tuesday,11:00,General Consultation,0,2,25,23,3,1
539,Wednesday,10:00,Specialist,0,4,20,66,0,0
540,Monday,11:00,Specialist,0,1,41,29,4,0
541,Saturday,14:00,General Consultation,0,5,15,69,0,0
542,Thursday,9:00,General Consultation,0,5,33,65,0,0
543,Tuesday,9:00,General Consultation,0,1,42,60,3,1
544,Thursday,11:00,Follow-up,1,1,21,40,2,1
545,Thursday,16:00,Emergency,1,3,36,50,2,0
546,Wednesday,14:00,Specialist,0,5,47,43,2,0
547,Monday,14:00,General Consultation,0,4,27,12,0,0
548,Thursday,11:00,General Consultation,0,6,48,11,3,0
549,Thursday,12:00,Follow-up,0,2,22,8,2,0
550,Friday,9:00,Follow-up,1,6,49,47,1,0
551,Thursday,14:00,General Consultation,0,3,39,48,1,0
552,Friday,16:00,General Consultation,0,5,22,52,1,0
553,Thursday,14:00,Follow-up,1,1,43,55,4,1
554,Thursday,15:00,General Consultation,0,5,45,39,3,1
555,Friday,14:00,General Consultation,0,4,39,23,0,0
556,Wednesday,10:00,General Consultation,0,3,34,71,0,1
557,Monday,16:00,Specialist,0,1,11,32,3,0
558,Monday,9:00,Follow-up,0,6,45,22,4,0
559,Friday,12:00,Emergency,1,4,27,53,3,0
560,Thursday,10:00,Specialist,1,6,14,52,4,0
561,Friday,9:00,Specialist,0,2,28,48,2,0
562,Tuesday,11:00,General Consultation,1,3,27,48,2,1
563,Monday,11:00,Specialist,0,4,41,59,4,1
564,Monday,12:00,General Consultation,1,4,30,64,3,0
565,Wednesday,12:00,Specialist,0,6,19,31,2,0
566,Thursday,9:00,General Consultation,1,1,46,20,3,0
567,Wednesday,10:00,General Consultation,1,2,31,17,2,0
568,Wednesday,12:00,General Consultation,0,6,22,59,3,0
569,Saturday,11:00,General Consultation,1,4,26,12,3,0
570,Tuesday,14:00,General Consultation,1,3,18,23,1,0
571,Wednesday,14:00,General Consultation,1,4,33,29,4,0
572,Friday,15:00,Emergency,0,5,23,1,0,0
573,Wednesday,14:00,General Consultation,1,3,17,24,4,0
574,Thursday,11:00,Specialist,1,3,46,49,3,0
575,Friday,14:00,Follow-up,0,4,28,13,3,0
576,Saturday,11:00,Emergency,1,1,37,5,4,0
577,Monday,11:00,Specialist,0,3,39,29,3,0
578,Saturday,15:00,Follow-up,0,5,16,29,2,0
579,Wednesday,11:00,General Consultation,0,6,35,37,3,1
580,Tuesday,15:00,General Consultation,0,1,49,57,4,0
581,Wednesday,15:00,General Consultation,0,1,20,40,4,0
582,Saturday,15:00,Specialist,0,1,23,56,4,0
583,Wednesday,16:00,Specialist,1,3,30,35,1,0
584,Tuesday,11:00,General Consultation,0,1,17,63,1,0
585,Thursday,11:00,General Consultation,0,4,12,15,1,0
586,Tuesday,12:00,Specialist,0,1,37,71,1,1
587,Monday,11:00,General Consultation,0,5,38,13,1,0
588,Monday,14:00,Specialist,1,2,32,30,1,0
589,Monday,14:00,Specialist,0,5,27,65,1,0
590,Monday,14:00,Follow-up,1,3,44,67,4,0
591,Monday,11:00,Follow-up,0,1,22,64,0,0
592,Thursday,10:00,Follow-up,0,1,21,54,1,0
593,Tuesday,11:00,Specialist,0,4,14,39,4,1
594,Tuesday,10:00,Follow-up,0,6,48,24,0,0
595,Saturday,15:00,Specialist,0,1,20,24,1,1
596,Wednesday,11:00,General Consultation,0,5,20,2,0,0
597,Thursday,10:00,General Consultation,0,3,40,68,0,0
598,Monday,9:00,General Consultation,1,2,40,25,2,0
599,Tuesday,14:00,General Consultation,0,1,22,39,3,0
600,Monday,14:00,Specialist,0,2,23,37,2,1
601,Monday,11:00,Follow-up,0,1,34,37,0,0
602,Tuesday,9:00,General Consultation,0,3,42,67,4,0
603,Monday,11:00,General Consultation,1,6,42,6,1,1
604,Monday,11:00,Emergency,0,5,24,29,3,1
605,Monday,14:00,General Consultation,0,3,25,18,1,0
606,Wednesday,14:00,Specialist,1,2,47,34,4,1
607,Tuesday,11:00,Specialist,0,1,15,32,3,0
608,Wednesday,10:00,Specialist,0,2,34,32,2,1
609,Wednesday,16:00,General Consultation,0,5,24,37,0,0
610,Friday,12:00,General Consultation,0,3,13,9,4,1
611,Monday,14:00,General Consultation,1,2,13,56,0,1
612,Friday,10:00,Specialist,1,2,39,27,0,0
613,Thursday,12:00,Specialist,1,5,43,37,1,0
614,Monday,9:00,General Consultation,0,1,36,15,4,0
615,Friday,12:00,Specialist,0,2,40,20,0,0
616,Saturday,16:00,Follow-up,1,5,41,5,2,0
617,Monday,11:00,General Consultation,0,1,48,40,3,1
618,Tuesday,9:00,Specialist,0,6,18,14,4,0
619,Friday,9:00,Specialist,0,1,17,2,1,0
620,Friday,11:00,General Consultation,0,6,23,42,4,0
621,Tuesday,10:00,General Consultation,0,3,42,46,1,1
622,Tuesday,9:00,Specialist,1,5,32,13,3,0
623,Wednesday,14:00,Follow-up,1,1,30,65,2,0
624,Wednesday,12:00,Follow-up,0,6,21,28,0,1
625,Thursday,11:00,Specialist,0,6,11,3,4,0
626,Wednesday,16:00,Follow-up,0,3,22,25,1,0
627,Wednesday,9:00,General Consultation,1,4,13,11,3,0
628,Friday,16:00,Specialist,0,5,29,1,0,1
629,Monday,11:00,Specialist,0,4,23,16,3,0
630,Tuesday,15:00,General Consultation,0,1,39,34,2,0
631,Friday,14:00,Follow-up,0,5,38,9,0,1
632,Saturday,15:00,Specialist,0,3,17,42,0,0
633,Wednesday,16:00,General Consultation,1,1,21,20,0,0
634,Thursday,11:00,Emergency,0,5,47,14,1,1
635,Monday,16:00,General Consultation,0,5,35,34,0,0
636,Wednesday,11:00,General Consultation,0,4,11,59,3,1
637,Thursday,11:00,General Consultation,0,1,49,43,1,0
638,Tuesday,11:00,Follow-up,1,3,23,4,0,1
639,Tuesday,12:00,Follow-up,0,3,15,72,3,0
640,Wednesday,10:00,General Consultation,1,1,49,17,3,0
641,Monday,12:00,Specialist,0,1,40,20,4,1
642,Tuesday,12:00,General Consultation,0,6,26,71,3,0
643,Tuesday,15:00,Follow-up,0,2,34,73,2,0
644,Tuesday,15:00,Specialist,0,4,41,50,0,1
645,Monday,11:00,General Consultation,0,1,21,40,0,0
646,Saturday,11:00,Emergency,1,1,22,23,0,1
647,Thursday,10:00,General Consultation,0,2,28,23,3,0
648,Thursday,10:00,General Consultation,0,2,34,37,3,0
649,Friday,9:00,Specialist,1,5,40,43,0,0
650,Wednesday,11:00,Emergency,1,3,46,56,1,0
651,Monday,11:00,General Consultation,0,4,34,58,1,0
652,Thursday,16:00,General Consultation,1,5,25,33,2,0
653,Thursday,12:00,General Consultation,0,1,47,74,4,1
654,Friday,11:00,Specialist,0,2,32,22,2,0
655,Wednesday,12:00,General Consultation,1,6,23,42,0,0
656,Monday,10:00,Specialist,0,3,15,39,0,0
657,Tuesday,11:00,Emergency,0,5,34,46,0,0
658,Wednesday,14:00,Specialist,0,6,32,40,4,0
659,Thursday,12:00,General Consultation,1,3,21,46,3,0
660,Thursday,11:00,General Consultation,1,6,22,19,4,0
661,Wednesday,16:00,General Consultation,0,2,45,64,2,0
662,Saturday,15:00,Follow-up,0,5,48,67,3,0
663,Thursday,14:00,General Consultation,0,5,43,23,3,0
664,Tuesday,12:00,General Consultation,0,3,15,35,2,0
665,Monday,14:00,Specialist,0,6,47,44,3,1
666,Monday,10:00,General Consultation,1,2,49,1,1,0
667,Tuesday,11:00,Specialist,0,1,17,27,2,0
668,Monday,9:00,General Consultation,0,5,17,25,2,0
669,Tuesday,12:00,Follow-up,0,1,49,22,1,0
670,Tuesday,12:00,Emergency,0,2,42,35,4,1
671,Monday,10:00,Specialist,1,5,43,5,4,1
672,Saturday,16:00,Emergency,0,5,24,34,4,0
673,Monday,16:00,General Consultation,0,6,45,37,3,0
674,Thursday,14:00,Specialist,0,1,44,34,1,0
675,Wednesday,12:00,Specialist,0,6,31,73,2,0
676,Saturday,15:00,Specialist,0,4,32,52,2,1
677,Monday,10:00,General Consultation,0,1,49,37,2,0
678,Wednesday,15:00,General Consultation,0,1,31,58,3,0
679,Saturday,10:00,General Consultation,0,4,14,42,3,0
680,Friday,15:00,General Consultation,0,2,40,3,4,0
681,Friday,11:00,General Consultation,0,2,22,4,3,0
682,Tuesday,15:00,Follow-up,1,5,37,67,4,1
683,Monday,16:00,General Consultation,0,3,29,44,4,0
684,Thursday,10:00,General Consultation,0,6,42,24,2,0
685,Saturday,12:00,Specialist,0,3,25,10,3,0
686,Thursday,16:00,Specialist,0,5,38,28,4,0
687,Thursday,12:00,Follow-up,1,3,32,33,1,0
688,Tuesday,15:00,Specialist,0,1,33,13,1,0
689,Friday,12:00,General Consultation,0,1,43,23,3,0
690,Tuesday,11:00,Follow-up,0,4,16,58,2,0
691,Tuesday,11:00,Specialist,0,4,47,38,2,1
692,Wednesday,10:00,General Consultation,1,5,46,25,4,0
693,Wednesday,15:00,Specialist,0,5,13,42,3,1
694,Tuesday,11:00,Emergency,0,5,43,35,1,0
695,Monday,12:00,General Consultation,0,1,31,38,4,0
696,Thursday,12:00,General Consultation,1,3,14,60,4,0
697,Tuesday,12:00,General Consultation,0,6,32,15,0,1
698,Thursday,15:00,General Consultation,1,5,24,58,3,0
699,Monday,16:00,General Consultation,0,5,40,5,4,0
700,Wednesday,11:00,Specialist,1,1,18,55,1,0
701,Thursday,15:00,General Consultation,0,6,34,7,0,0
702,Monday,15:00,Emergency,1,1,34,26,1,0
703,Tuesday,12:00,Follow-up,0,6,30,70,2,1
704,Monday,16:00,Specialist,1,1,18,26,0,0
705,Monday,10:00,Follow-up,0,3,47,45,0,0
706,Saturday,9:00,General Consultation,0,5,31,40,4,0
707,Tuesday,15:00,Specialist,0,2,32,24,2,0
708,Friday,11:00,Specialist,0,2,13,17,4,0
709,Tuesday,15:00,Follow-up,0,5,38,11,3,1
710,Thursday,15:00,Follow-up,1,5,24,50,1,0
711,Friday,9:00,General Consultation,1,5,10,38,1,1
712,Thursday,15:00,Emergency,0,5,39,9,4,1
713,Wednesday,11:00,General Consultation,1,6,38,73,1,0
714,Wednesday,12:00,Follow-up,0,3,29,53,1,0
715,Tuesday,14:00,Emergency,0,2,42,28,3,0
716,Saturday,16:00,General Consultation,0,4,45,40,2,1
717,Friday,9:00,Follow-up,0,2,31,8,0,0
718,Saturday,12:00,General Consultation,1,2,22,62,4,0
719,Monday,14:00,General Consultation,0,1,16,36,4,0
720,Friday,14:00,Specialist,0,5,17,13,3,0
721,Saturday,14:00,Specialist,0,5,37,72,3,0
722,Tuesday,10:00,Emergency,0,5,18,71,0,0
723,Monday,11:00,Specialist,0,1,34,38,2,1
724,Friday,11:00,Specialist,1,3,25,39,4,1
725,Thursday,15:00,Follow-up,1,3,19,53,3,0
726,Friday,11:00,Emergency,1,4,20,2,4,0
727,Monday,10:00,General Consultation,0,3,40,54,1,1
728,Friday,16:00,Emergency,0,3,21,32,4,0
729,Tuesday,9:00,General Consultation,0,5,40,70,2,1
730,Monday,16:00,Follow-up,0,6,23,18,2,0
731,Monday,14:00,General Consultation,0,2,41,33,4,0
732,Friday,15:00,General Consultation,1,3,26,49,1,0
733,Thursday,11:00,General Consultation,0,3,44,46,2,0
734,Thursday,9:00,Specialist,0,1,10,45,3,1
735,Wednesday,14:00,General Consultation,0,4,38,55,4,0
736,Friday,15:00,General Consultation,0,6,13,56,1,0
737,Wednesday,14:00,Specialist,0,1,32,50,3,0
738,Friday,10:00,Emergency,1,5,37,53,4,1
739,Wednesday,14:00,General Consultation,0,2,25,27,1,0
740,Wednesday,15:00,General Consultation,1,4,21,18,3,1
741,Wednesday,14:00,General Consultation,0,1,30,26,2,0
742,Tuesday,15:00,General Consultation,0,3,26,47,4,0
743,Friday,15:00,Follow-up,0,3,49,18,4,0
744,Wednesday,14:00,Follow-up,1,4,22,50,2,0
745,Tuesday,9:00,Specialist,1,3,41,6,0,0
746,Saturday,12:00,General Consultation,0,1,46,28,3,0
747,Wednesday,9:00,Follow-up,0,1,24,42,2,0
748,Thursday,11:00,Specialist,0,3,21,68,4,0
749,Saturday,11:00,Follow-up,0,3,24,57,3,0
750,Thursday,9:00,Specialist,1,5,43,7,3,0
751,Monday,11:00,Follow-up,0,2,15,41,0,0
752,Saturday,9:00,Specialist,0,4,26,41,4,0
753,Thursday,15:00,General Consultation,0,1,29,12,1,0
754,Tuesday,16:00,Emergency,0,4,18,25,0,1
755,Monday,9:00,Specialist,0,5,14,17,0,1
756,Friday,16:00,Specialist,0,1,32,41,1,0
757,Thursday,12:00,General Consultation,1,5,42,50,1,0
758,Thursday,11:00,Specialist,1,5,47,15,0,1
759,Saturday,9:00,Specialist,0,6,23,2,3,0
760,Friday,12:00,General Consultation,1,3,26,44,2,0
761,Monday,15:00,General Consultation,0,6,28,21,2,1
762,Tuesday,14:00,Specialist,0,4,42,22,0,0
763,Tuesday,9:00,Follow-up,0,4,10,58,3,0
764,Friday,9:00,Specialist,0,3,22,61,1,1
765,Monday,11:00,General Consultation,0,6,36,67,0,0
766,Thursday,11:00,Specialist,0,4,15,53,4,0
767,Friday,10:00,General Consultation,0,6,15,56,3,0
768,Friday,11:00,General Consultation,1,3,42,22,4,0
769,Tuesday,15:00,General Consultation,0,1,39,59,4,0
770,Friday,16:00,General Consultation,0,5,44,72,0,0
771,Monday,11:00,General Consultation,0,5,32,54,3,0
772,Friday,16:00,General Consultation,0,6,19,62,4,1
773,Monday,11:00,General Consultation,0,4,28,55,3,0
774,Wednesday,12:00,General Consultation,1,6,37,54,2,0
775,Friday,10:00,Specialist,0,6,32,24,4,0
776,Monday,14:00,Specialist,0,2,13,25,4,0
777,Tuesday,16:00,General Consultation,0,5,29,48,3,0
778,Friday,14:00,Follow-up,0,3,28,62,2,1
779,Friday,11:00,General Consultation,0,6,36,44,4,1
780,Thursday,14:00,Specialist,0,2,43,72,0,0
781,Friday,10:00,General Consultation,0,2,13,38,3,0
782,Thursday,15:00,General Consultation,0,5,47,64,3,0
783,Tuesday,12:00,Specialist,0,5,16,68,4,0
784,Tuesday,11:00,Specialist,1,5,16,55,2,0
785,Tuesday,12:00,Follow-up,0,3,35,8,4,1
786,Saturday,14:00,Specialist,1,2,35,69,1,0
787,Thursday,9:00,Emergency,1,4,28,27,4,0
788,Wednesday,14:00,General Consultation,0,3,18,44,1,0
789,Wednesday,10:00,General Consultation,0,1,29,25,0,0
790,Saturday,14:00,General Consultation,0,6,25,27,3,0
791,Monday,15:00,General Consultation,0,5,26,39,3,0
792,Thursday,15:00,Specialist,0,2,31,14,2,0
793,Wednesday,12:00,Specialist,1,6,22,5,4,0
794,Thursday,12:00,General Consultation,1,3,21,26,0,0
795,Monday,10:00,Emergency,0,1,19,37,1,0
796,Friday,15:00,Follow-up,0,3,10,67,2,0
797,Saturday,11:00,General Consultation,0,3,41,74,0,1
798,Thursday,12:00,General Consultation,1,4,39,63,0,0
799,Friday,11:00,General Consultation,0,6,17,29,1,0
800,Saturday,10:00,General Consultation,0,4,30,2,1,0
801,Friday,14:00,General Consultation,0,3,31,61,3,0
802,Monday,9:00,Specialist,0,1,27,11,4,0
803,Thursday,14:00,General Consultation,1,2,11,29,2,0
804,Thursday,11:00,General Consultation,0,2,18,37,4,0
805,Wednesday,9:00,Emergency,0,6,12,59,2,0
806,Friday,12:00,Specialist,1,5,35,37,0,0
807,Saturday,9:00,Emergency,0,5,30,14,1,0
808,Saturday,11:00,General Consultation,0,2,39,17,1,1
809,Wednesday,14:00,General Consultation,0,3,37,51,0,0
810,Monday,9:00,Specialist,0,3,45,28,0,0
811,Saturday,15:00,General Consultation,0,4,35,59,2,0
812,Friday,9:00,General Consultation,0,6,43,20,0,0
813,Monday,10:00,Specialist,0,4,17,16,2,0
814,Saturday,14:00,Specialist,0,5,19,17,4,1
815,Friday,11:00,General Consultation,1,2,23,56,1,1
816,Wednesday,9:00,Specialist,1,3,49,36,1,0
817,Thursday,11:00,General Consultation,0,2,24,59,1,0
818,Wednesday,11:00,General Consultation,0,1,26,37,4,0
819,Monday,15:00,General Consultation,0,2,27,11,4,0
820,Tuesday,11:00,General Consultation,0,1,41,74,3,0
821,Friday,15:00,General Consultation,1,4,47,72,2,1
822,Monday,15:00,Emergency,0,4,32,0,2,0
823,Tuesday,11:00,Specialist,0,5,32,57,3,0
824,Wednesday,16:00,Follow-up,0,2,44,2,1,0
825,Thursday,11:00,General Consultation,0,2,48,62,2,0
826,Saturday,16:00,General Consultation,0,1,24,20,2,0
827,Tuesday,9:00,General Consultation,0,4,33,22,1,0
828,Tuesday,14:00,General Consultation,1,1,37,8,0,0
829,Friday,12:00,General Consultation,1,4,25,54,0,0
830,Wednesday,11:00,Follow-up,0,1,25,18,3,0
831,Tuesday,14:00,Specialist,0,4,49,61,4,0
832,Wednesday,14:00,Specialist,1,1,48,38,2,0
833,Monday,9:00,Specialist,0,4,15,26,2,0
834,Monday,10:00,Emergency,0,6,11,45,3,0
835,Wednesday,14:00,General Consultation,0,1,22,33,3,0
836,Wednesday,14:00,General Consultation,1,2,18,32,2,0
837,Saturday,16:00,General Consultation,0,5,43,49,1,0
838,Wednesday,15:00,Follow-up,0,6,26,19,1,0
839,Thursday,16:00,Emergency,1,6,36,39,4,0
840,Thursday,14:00,General Consultation,1,1,38,57,2,0
841,Monday,11:00,Follow-up,1,5,46,30,2,1
842,Thursday,9:00,Follow-up,0,2,31,37,2,0
843,Monday,15:00,General Consultation,0,6,33,44,2,0
844,Saturday,14:00,General Consultation,1,2,16,40,3,0
845,Monday,9:00,General Consultation,1,4,43,8,0,0
846,Wednesday,11:00,Emergency,0,5,21,8,2,0
847,Monday,16:00,General Consultation,0,3,32,62,0,0
848,Saturday,12:00,Follow-up,1,4,24,21,1,0
849,Wednesday,11:00,General Consultation,1,5,42,15,4,0
850,Thursday,12:00,Follow-up,0,1,22,31,1,0
851,Monday,10:00,General Consultation,0,1,32,65,2,1
852,Friday,11:00,Specialist,0,2,47,13,1,0
853,Tuesday,11:00,Follow-up,0,6,41,37,3,0
854,Saturday,9:00,Follow-up,0,3,44,7,0,1
855,Tuesday,15:00,Follow-up,0,1,10,20,2,1
856,Tuesday,11:00,General Consultation,0,5,14,55,3,0
857,Monday,15:00,Specialist,0,6,22,45,0,0
858,Wednesday,15:00,General Consultation,0,6,14,42,3,0
859,Thursday,10:00,General Consultation,1,5,41,45,1,0
860,Monday,14:00,Specialist,0,6,30,47,2,1
861,Friday,12:00,General Consultation,0,1,33,69,1,0
862,Wednesday,15:00,Specialist,1,5,27,30,4,0
863,Thursday,10:00,Emergency,0,5,30,32,2,1
864,Wednesday,14:00,General Consultation,1,2,19,43,1,0
865,Wednesday,14:00,Specialist,1,3,33,70,2,0
866,Thursday,11:00,General Consultation,0,2,49,7,0,1
867,Monday,10:00,General Consultation,1,3,30,72,2,1
868,Tuesday,14:00,General Consultation,0,5,34,1,2,1
869,Friday,14:00,Emergency,0,6,32,16,0,0
870,Saturday,11:00,Follow-up,0,3,31,51,1,1
871,Wednesday,14:00,Emergency,0,5,13,44,2,0
872,Tuesday,11:00,Emergency,1,5,43,36,3,0
873,Thursday,14:00,General Consultation,0,2,15,41,2,1
874,Wednesday,10:00,General Consultation,0,2,37,43,1,0
875,Monday,15:00,Specialist,0,6,40,37,0,1
876,Monday,11:00,Specialist,0,4,44,5,1,0
877,Friday,11:00,General Consultation,0,1,48,67,4,0
878,Thursday,9:00,General Consultation,0,4,32,50,2,0
879,Monday,9:00,Specialist,1,4,15,34,2,0
880,Tuesday,12:00,Specialist,0,6,25,57,0,0
881,Tuesday,10:00,General Consultation,1,3,11,56,2,0
882,Thursday,15:00,Specialist,0,6,33,72,3,1
883,Monday,9:00,Specialist,1,6,26,5,3,0
884,Monday,11:00,Specialist,0,5,10,12,1,0
885,Friday,11:00,General Consultation,0,5,15,58,0,0
886,Monday,9:00,Follow-up,0,5,14,29,4,1
887,Thursday,10:00,General Consultation,1,1,38,1,1,0
888,Tuesday,11:00,General Consultation,0,3,21,57,0,0
889,Monday,12:00,Follow-up,1,3,48,35,0,0
890,Tuesday,11:00,Specialist,0,5,12,71,1,0
891,Friday,12:00,General Consultation,0,4,10,44,1,0
892,Friday,12:00,Specialist,0,1,36,8,2,0
893,Friday,9:00,Specialist,1,4,33,64,4,0
894,Wednesday,12:00,Follow-up,0,2,28,49,3,1
895,Thursday,16:00,Follow-up,1,3,17,31,2,1
896,Tuesday,12:00,Specialist,1,3,11,42,0,0
897,Tuesday,14:00,Specialist,0,4,39,53,4,0
898,Saturday,11:00,General Consultation,0,1,39,46,4,1
899,Monday,15:00,General Consultation,1,3,48,13,1,0
900,Monday,15:00,General Consultation,0,4,41,47,4,0
901,Tuesday,12:00,Specialist,1,6,10,54,4,0
902,Monday,16:00,Specialist,0,6,47,28,0,0
903,Tuesday,10:00,General Consultation,0,1,22,46,2,1
904,Thursday,9:00,General Consultation,1,4,20,62,4,0
905,Wednesday,15:00,Specialist,0,6,19,18,1,0
906,Saturday,15:00,General Consultation,0,1,35,8,2,0
907,Friday,10:00,Follow-up,0,5,29,36,1,0
908,Tuesday,10:00,General Consultation,0,1,26,51,4,0
909,Tuesday,9:00,Specialist,0,2,26,56,2,0
910,Wednesday,11:00,Emergency,1,5,13,27,4,1
911,Thursday,15:00,General Consultation,0,4,14,35,0,1
912,Tuesday,12:00,Specialist,0,5,32,63,2,1
913,Thursday,11:00,General Consultation,0,5,19,17,1,1
914,Wednesday,11:00,Specialist,0,4,37,34,0,0
915,Thursday,9:00,Specialist,0,4,42,67,3,0
916,Wednesday,11:00,General Consultation,1,6,35,38,1,0
917,Tuesday,14:00,Specialist,1,2,38,7,4,0
918,Saturday,16:00,Follow-up,0,4,36,14,1,1
919,Friday,15:00,General Consultation,0,3,27,6,3,1
920,Monday,9:00,General Consultation,0,3,49,16,1,0
921,Friday,15:00,Follow-up,0,2,19,63,0,0
922,Wednesday,15:00,Specialist,0,1,14,11,1,1
923,Saturday,15:00,Follow-up,0,1,19,55,2,1
924,Friday,12:00,Specialist,0,3,30,45,3,0
925,Wednesday,11:00,Follow-up,0,4,33,46,1,1
926,Monday,11:00,General Consultation,0,2,47,15,3,0
927,Tuesday,9:00,Follow-up,1,1,12,68,0,0
928,Thursday,10:00,Emergency,0,1,49,1,2,0
929,Thursday,10:00,Specialist,0,5,40,53,4,0
930,Tuesday,12:00,General Consultation,0,3,46,26,1,0
931,Monday,14:00,General Consultation,0,4,11,30,0,0
932,Friday,12:00,General Consultation,0,2,11,40,3,1
933,Saturday,9:00,General Consultation,0,1,48,35,3,0
934,Thursday,16:00,General Consultation,0,5,43,46,0,0
935,Monday,16:00,Specialist,0,3,29,42,1,0
936,Tuesday,15:00,Specialist,1,3,42,64,4,0
937,Monday,16:00,General Consultation,0,2,13,49,1,0
938,Saturday,12:00,Specialist,0,1,20,0,2,0
939,Monday,16:00,General Consultation,0,2,14,71,1,0
940,Thursday,9:00,General Consultation,0,2,34,56,2,0
941,Tuesday,11:00,General Consultation,0,6,46,15,3,0
942,Thursday,10:00,Specialist,0,5,43,27,2,0
943,Thursday,10:00,General Consultation,0,3,18,21,4,1
944,Friday,10:00,General Consultation,1,6,15,40,0,0
945,Tuesday,14:00,General Consultation,0,4,27,18,2,0
946,Monday,15:00,Follow-up,0,3,23,49,1,0
947,Monday,12:00,General Consultation,0,3,28,58,2,0
948,Saturday,10:00,Specialist,1,5,23,68,3,0
949,Friday,15:00,Specialist,0,4,49,33,2,1
950,Thursday,14:00,Follow-up,0,1,26,38,4,1
951,Thursday,11:00,Emergency,0,4,44,73,2,0
952,Thursday,14:00,General Consultation,0,1,38,6,4,0
953,Monday,10:00,General Consultation,0,4,26,51,1,0
954,Saturday,11:00,Follow-up,0,2,17,59,3,0
955,Wednesday,16:00,Specialist,1,4,10,51,0,0
956,Wednesday,11:00,Specialist,1,6,45,23,1,0
957,Wednesday,12:00,Specialist,0,6,16,25,1,1
958,Monday,15:00,Specialist,0,5,14,9,0,0
959,Monday,14:00,Emergency,1,1,33,16,2,1
960,Friday,9:00,Emergency,0,3,37,1,2,1
961,Monday,10:00,Follow-up,0,5,26,26,2,1
962,Thursday,9:00,General Consultation,0,6,46,72,3,0
963,Tuesday,14:00,Follow-up,0,6,29,70,1,0
964,Wednesday,11:00,General Consultation,0,1,12,47,4,1
965,Tuesday,10:00,General Consultation,0,6,46,73,0,0
966,Wednesday,16:00,Follow-up,0,6,35,8,1,1
967,Friday,12:00,General Consultation,0,1,24,22,2,0
968,Tuesday,10:00,General Consultation,0,6,17,70,0,0
969,Thursday,12:00,General Consultation,0,3,22,72,4,0
970,Wednesday,14:00,Follow-up,1,2,12,26,1,0
971,Thursday,9:00,Specialist,0,5,10,70,1,0
972,Saturday,11:00,Specialist,0,3,18,42,3,0
973,Friday,15:00,General Consultation,1,3,40,6,1,0
974,Tuesday,12:00,Follow-up,1,2,35,62,1,0
975,Monday,12:00,Follow-up,0,5,26,43,4,0
976,Tuesday,11:00,General Consultation,0,3,43,38,4,0
977,Thursday,9:00,General Consultation,1,6,18,39,0,0
978,Monday,10:00,General Consultation,1,2,22,6,2,0
979,Wednesday,11:00,Emergency,1,5,14,69,4,0
980,Thursday,10:00,Specialist,1,4,22,24,0,1
981,Tuesday,9:00,Emergency,0,1,10,58,1,1
982,Friday,15:00,General Consultation,0,6,34,12,0,1
983,Monday,16:00,Follow-up,0,2,13,61,0,0
984,Monday,15:00,Follow-up,0,1,45,7,0,1
985,Friday,15:00,Specialist,0,4,19,44,0,1
986,Wednesday,10:00,Emergency,0,3,37,17,4,1
987,Thursday,16:00,General Consultation,0,3,15,59,2,0
988,Wednesday,10:00,General Consultation,1,5,36,59,0,1
989,Tuesday,16:00,Specialist,0,2,21,1,3,0
990,Friday,16:00,Follow-up,0,2,12,65,1,1
991,Friday,14:00,Specialist,0,5,42,13,1,0
992,Friday,16:00,General Consultation,0,1,19,47,1,0
993,Tuesday,12:00,Specialist,1,3,40,55,1,0
994,Thursday,10:00,General Consultation,0,3,24,11,1,0
995,Wednesday,11:00,General Consultation,1,2,16,54,0,0
996,Monday,12:00,Specialist,0,2,45,27,2,1
997,Saturday,9:00,Follow-up,0,5,23,3,3,0
998,Monday,14:00,General Consultation,0,4,23,35,4,0
999,Saturday,16:00,General Consultation,0,1,12,49,3,0
1000,Wednesday,10:00,General Consultation,1,6,12,2,4,0
1001,Tuesday,15:00,General Consultation,0,4,31,0,4,0
1002,Thursday,16:00,Follow-up,1,4,28,16,3,0
1003,Friday,16:00,Emergency,0,2,44,70,0,0
1004,Friday,16:00,General Consultation,1,2,21,61,1,0
1005,Friday,12:00,Follow-up,0,2,14,47,0,0
1006,Thursday,16:00,Follow-up,1,4,19,61,1,0
1007,Friday,14:00,Follow-up,0,1,42,68,2,0
1008,Friday,10:00,General Consultation,0,2,22,18,4,1
1009,Tuesday,12:00,Emergency,0,3,44,33,3,0
1010,Wednesday,14:00,General Consultation,1,1,41,48,2,0
1011,Tuesday,10:00,General Consultation,0,3,20,46,1,0
1012,Saturday,14:00,General Consultation,0,1,47,49,0,0
1013,Saturday,14:00,Specialist,1,2,33,25,3,0
1014,Monday,10:00,General Consultation,0,6,44,55,4,0
1015,Friday,12:00,General Consultation,0,5,28,13,2,0
1016,Saturday,15:00,General Consultation,0,2,15,24,4,0
1017,Tuesday,12:00,Follow-up,0,4,49,3,1,0
1018,Thursday,9:00,Follow-up,1,6,44,31,4,0
1019,Saturday,9:00,General Consultation,1,4,13,64,0,1
1020,Monday,11:00,Follow-up,0,1,42,60,2,0
1021,Friday,16:00,Follow-up,1,4,22,19,2,0
1022,Tuesday,10:00,Follow-up,0,6,45,73,0,1
1023,Saturday,14:00,General Consultation,0,6,28,9,4,1
1024,Saturday,10:00,Specialist,0,2,21,33,0,0
1025,Saturday,11:00,Emergency,0,3,20,60,3,0
1026,Wednesday,15:00,Specialist,0,2,15,26,0,0
1027,Friday,14:00,General Consultation,1,1,21,39,4,0
1028,Friday,9:00,Specialist,1,4,36,64,0,0
1029,Tuesday,11:00,Specialist,0,3,34,32,1,0
1030,Friday,9:00,Specialist,0,5,12,67,0,0
1031,Monday,12:00,General Consultation,1,6,12,70,0,0
1032,Thursday,14:00,General Consultation,1,3,29,8,4,0
1033,Tuesday,9:00,Follow-up,1,3,37,15,3,0
1034,Monday,11:00,Follow-up,0,2,32,4,3,0
1035,Monday,11:00,General Consultation,1,5,12,22,4,0
1036,Friday,16:00,Emergency,0,6,33,42,4,0
1037,Tuesday,16:00,General Consultation,0,1,49,56,4,0
1038,Friday,9:00,Specialist,0,1,15,50,1,1
1039,Monday,15:00,Follow-up,0,3,29,12,2,0
1040,Tuesday,11:00,Follow-up,0,3,20,23,0,0
1041,Thursday,11:00,Emergency,0,4,41,10,4,1
1042,Friday,14:00,General Consultation,0,5,36,51,4,0
1043,Tuesday,16:00,Follow-up,1,6,30,16,4,1
1044,Thursday,16:00,General Consultation,0,3,22,36,3,0
1045,Saturday,12:00,Follow-up,0,4,31,12,4,0
1046,Thursday,11:00,Follow-up,0,5,44,61,0,0
1047,Tuesday,15:00,Specialist,1,6,31,7,4,0
1048,Monday,10:00,General Consultation,0,1,37,55,0,0
1049,Friday,12:00,Follow-up,0,4,30,69,1,1
1050,Monday,11:00,General Consultation,0,5,27,43,2,0
1051,Friday,14:00,General Consultation,1,4,40,59,3,0
1052,Thursday,10:00,Follow-up,1,3,46,40,0,1
1053,Saturday,10:00,Specialist,0,2,30,20,1,0
1054,Friday,16:00,Follow-up,0,1,23,41,2,0
1055,Saturday,9:00,General Consultation,1,3,34,73,2,0
1056,Wednesday,12:00,General Consultation,0,3,36,73,2,1
1057,Friday,10:00,Follow-up,0,5,49,28,0,0
1058,Wednesday,9:00,Specialist,0,4,32,64,1,0
1059,Wednesday,9:00,General Consultation,0,1,40,16,4,1
1060,Thursday,10:00,Follow-up,0,3,38,29,1,0
1061,Friday,15:00,Specialist,0,5,39,25,1,0
1062,Saturday,11:00,Specialist,0,1,35,52,1,0
1063,Friday,16:00,Specialist,1,4,29,18,0,0
1064,Wednesday,12:00,Follow-up,0,3,47,52,0,0
1065,Wednesday,11:00,Follow-up,1,6,28,16,0,1
1066,Friday,12:00,Follow-up,0,3,36,45,1,0
1067,Tuesday,12:00,General Consultation,0,3,34,52,0,0
1068,Monday,14:00,Follow-up,0,1,49,63,2,0
1069,Wednesday,11:00,Specialist,1,1,47,44,0,0
1070,Tuesday,11:00,Specialist,1,1,32,48,3,0
1071,Tuesday,15:00,General Consultation,0,1,38,18,0,1
1072,Tuesday,16:00,Follow-up,1,5,24,70,0,0
1073,Monday,15:00,Follow-up,0,2,12,64,0,0
1074,Monday,11:00,General Consultation,1,5,19,36,0,0
1075,Saturday,15:00,General Consultation,0,3,24,69,3,0
1076,Wednesday,12:00,Follow-up,1,5,25,25,4,0
1077,Wednesday,12:00,General Consultation,0,4,26,1,0,1
1078,Thursday,10:00,Emergency,0,6,28,58,2,0
1079,Tuesday,12:00,Specialist,0,1,20,4,3,1
1080,Saturday,10:00,Specialist,0,4,14,36,4,0
1081,Friday,11:00,General Consultation,0,6,14,30,0,0
1082,Monday,15:00,General Consultation,0,4,23,47,4,0
1083,Wednesday,10:00,Emergency,0,3,35,5,2,0
1084,Friday,9:00,General Consultation,0,1,17,14,3,1
1085,Saturday,9:00,Follow-up,0,4,14,14,3,0
1086,Wednesday,16:00,General Consultation,0,3,16,60,4,0
1087,Thursday,12:00,General Consultation,1,1,25,15,0,1
1088,Monday,11:00,General Consultation,0,2,23,19,1,0
1089,Saturday,15:00,Specialist,0,3,46,43,3,1
1090,Tuesday,15:00,Emergency,0,5,13,41,1,0
1091,Saturday,11:00,General Consultation,0,1,45,45,3,0
1092,Thursday,14:00,General Consultation,0,4,26,33,0,1
1093,Thursday,15:00,General Consultation,0,6,45,63,0,0
1094,Wednesday,14:00,Specialist,0,4,15,28,3,1
1095,Tuesday,10:00,General Consultation,1,5,25,2,4,0
1096,Monday,15:00,Follow-up,0,5,38,8,0,1
1097,Tuesday,12:00,Specialist,0,4,45,74,0,0
1098,Tuesday,11:00,Specialist,0,6,47,74,2,0
1099,Friday,11:00,General Consultation,0,1,46,24,0,1
1100,Wednesday,9:00,Emergency,1,3,19,41,2,0
1101,Monday,10:00,General Consultation,0,5,45,45,0,0
1102,Saturday,15:00,General Consultation,0,5,38,72,0,1
1103,Saturday,9:00,Specialist,0,5,23,58,4,0
1104,Saturday,11:00,Specialist,0,6,13,20,4,1
1105,Saturday,12:00,General Consultation,0,2,45,73,0,0
1106,Monday,9:00,General Consultation,1,6,22,21,3,0
1107,Wednesday,16:00,Follow-up,1,1,27,28,3,0
1108,Friday,10:00,General Consultation,1,1,42,62,0,0
1109,Friday,11:00,Follow-up,1,1,30,72,3,0
1110,Monday,11:00,Specialist,0,1,25,60,0,0
1111,Friday,10:00,General Consultation,0,1,24,63,4,0
1112,Tuesday,9:00,Specialist,1,4,14,68,1,0
1113,Tuesday,14:00,General Consultation,1,5,15,39,2,0
1114,Thursday,16:00,Follow-up,1,6,47,74,3,1
1115,Thursday,10:00,Specialist,0,4,12,0,3,0
1116,Thursday,14:00,General Consultation,0,6,21,64,4,0
1117,Monday,14:00,Specialist,1,2,45,61,3,1
1118,Friday,15:00,Emergency,1,3,42,53,0,0
1119,Tuesday,11:00,General Consultation,1,5,45,59,0,1
1120,Monday,11:00,Emergency,0,2,42,45,1,0
1121,Saturday,11:00,General Consultation,0,4,40,4,1,0
1122,Saturday,14:00,General Consultation,0,3,30,21,1,0
1123,Friday,15:00,General Consultation,1,2,36,52,0,0
1124,Friday,10:00,General Consultation,0,6,36,69,1,0
1125,Thursday,11:00,General Consultation,0,3,17,31,1,1
1126,Thursday,16:00,General Consultation,1,6,46,10,0,0
1127,Monday,15:00,Emergency,0,2,41,9,4,0
1128,Wednesday,16:00,Follow-up,1,4,35,38,3,0
1129,Wednesday,14:00,Follow-up,0,6,11,30,2,0
1130,Tuesday,11:00,General Consultation,1,3,21,11,0,0
1131,Friday,12:00,General Consultation,0,2,31,37,0,1
1132,Wednesday,14:00,General Consultation,1,6,26,66,2,0
1133,Monday,9:00,Follow-up,1,4,16,65,2,0
1134,Tuesday,12:00,Emergency,0,5,13,51,1,0
1135,Thursday,14:00,General Consultation,0,4,46,4,2,1
1136,Monday,10:00,General Consultation,0,4,47,10,3,1
1137,Friday,15:00,Specialist,0,5,41,24,3,0
1138,Wednesday,12:00,General Consultation,1,4,20,34,3,1
1139,Wednesday,16:00,General Consultation,0,5,10,34,3,1
1140,Thursday,9:00,Specialist,0,5,34,21,3,1
1141,Friday,10:00,Follow-up,0,6,33,36,1,0
1142,Tuesday,14:00,General Consultation,1,6,26,54,0,0
1143,Thursday,11:00,General Consultation,1,5,17,74,2,0
1144,Thursday,14:00,Emergency,0,2,36,71,0,0
1145,Tuesday,14:00,General Consultation,0,3,27,63,2,0
1146,Friday,9:00,General Consultation,0,2,36,19,1,0
1147,Friday,12:00,General Consultation,0,5,31,3,1,0
1148,Thursday,12:00,General Consultation,0,3,25,17,4,1
1149,Friday,11:00,General Consultation,0,6,11,50,4,0
1150,Friday,16:00,Follow-up,0,3,14,67,1,0
1151,Friday,15:00,General Consultation,0,5,27,19,1,0
1152,Friday,14:00,General Consultation,0,6,12,8,2,1
1153,Friday,14:00,Specialist,0,3,36,25,1,1
1154,Thursday,12:00,Specialist,0,3,26,24,0,0
1155,Thursday,16:00,Follow-up,1,2,25,67,2,0
1156,Friday,14:00,Follow-up,0,3,15,40,1,0
1157,Monday,14:00,General Consultation,0,5,16,58,2,0
1158,Saturday,15:00,Follow-up,0,1,23,44,2,0
1159,Friday,11:00,Specialist,1,1,47,40,3,1
1160,Monday,15:00,Emergency,1,1,49,37,4,1
1161,Friday,10:00,Specialist,0,5,24,18,2,0
1162,Monday,11:00,Emergency,0,1,42,13,2,0
1163,Tuesday,11:00,Follow-up,0,2,36,20,3,0
1164,Friday,16:00,General Consultation,0,5,38,14,1,0
1165,Monday,15:00,Specialist,0,6,46,2,2,0
1166,Friday,14:00,Emergency,0,5,14,36,3,0
1167,Friday,14:00,Follow-up,0,5,38,45,0,1
1168,Wednesday,12:00,General Consultation,0,3,41,15,3,0
1169,Monday,16:00,Follow-up,0,3,15,13,4,0
1170,Tuesday,12:00,General Consultation,0,3,11,8,4,1
1171,Thursday,11:00,General Consultation,0,4,15,6,1,0
1172,Saturday,10:00,General Consultation,0,2,13,13,1,0
1173,Thursday,15:00,General Consultation,0,5,38,5,4,0
1174,Tuesday,14:00,Follow-up,1,5,34,14,4,0
1175,Thursday,11:00,General Consultation,0,3,18,51,2,0
1176,Thursday,9:00,Follow-up,0,5,12,71,4,0
1177,Friday,15:00,General Consultation,1,6,35,33,1,0
1178,Monday,9:00,General Consultation,0,5,36,0,4,0
1179,Friday,14:00,General Consultation,0,1,45,68,1,0
1180,Thursday,16:00,General Consultation,0,6,41,19,0,1
1181,Saturday,11:00,General Consultation,1,6,10,6,4,0
1182,Tuesday,10:00,General Consultation,1,5,25,6,1,1
1183,Thursday,14:00,Specialist,1,4,20,49,3,0
1184,Saturday,15:00,General Consultation,0,3,35,1,2,0
1185,Monday,12:00,General Consultation,0,2,49,46,1,0
1186,Saturday,16:00,General Consultation,0,2,10,13,4,0
1187,Thursday,9:00,Follow-up,0,1,35,30,4,0
1188,Monday,12:00,Emergency,0,2,37,49,0,0
1189,Tuesday,14:00,Specialist,0,2,18,60,3,0
1190,Friday,15:00,General Consultation,1,3,31,40,1,1
1191,Monday,10:00,General Consultation,0,3,17,13,3,1
1192,Thursday,15:00,Emergency,0,4,36,4,0,0
1193,Tuesday,12:00,General Consultation,0,1,48,74,2,0
1194,Thursday,11:00,General Consultation,1,2,28,4,3,0
1195,Monday,10:00,General Consultation,1,4,34,63,0,1
1196,Friday,15:00,General Consultation,0,1,47,28,1,1
1197,Saturday,10:00,General Consultation,0,6,30,74,2,1
1198,Saturday,11:00,Follow-up,0,2,33,4,4,0
1199,Friday,11:00,General Consultation,1,2,33,35,0,0
1200,Monday,15:00,Specialist,0,3,28,18,4,0
1201,Friday,14:00,General Consultation,0,5,11,63,2,0
1202,Monday,15:00,General Consultation,0,1,23,21,0,1
1203,Monday,10:00,Emergency,0,2,41,33,0,0
1204,Tuesday,14:00,General Consultation,1,1,41,55,2,1
1205,Wednesday,12:00,Follow-up,0,4,37,16,1,0
1206,Friday,15:00,Specialist,0,4,48,55,0,1
1207,Thursday,16:00,General Consultation,0,5,49,16,2,0
1208,Wednesday,9:00,Emergency,0,2,49,73,3,0
1209,Tuesday,14:00,General Consultation,1,3,22,17,4,0
1210,Saturday,9:00,Follow-up,0,2,21,44,0,0
1211,Wednesday,12:00,General Consultation,1,1,17,55,3,0
1212,Wednesday,11:00,Follow-up,1,6,24,49,0,0
1213,Monday,11:00,General Consultation,0,4,35,57,1,0
1214,Friday,11:00,Specialist,0,1,21,17,2,0
1215,Friday,14:00,Follow-up,0,5,36,6,0,0
1216,Tuesday,11:00,Emergency,1,4,27,9,2,0
1217,Monday,14:00,Emergency,0,3,45,68,0,1
1218,Thursday,11:00,Follow-up,0,4,36,2,1,1
1219,Thursday,9:00,Follow-up,0,6,18,43,1,0
1220,Tuesday,15:00,General Consultation,1,2,48,69,3,0
1221,Saturday,11:00,General Consultation,0,6,10,13,1,0
1222,Monday,11:00,General Consultation,0,6,16,3,2,0
1223,Wednesday,14:00,General Consultation,0,2,35,17,1,0
1224,Saturday,11:00,General Consultation,0,4,16,51,0,0
1225,Wednesday,9:00,Specialist,1,5,16,37,1,0
1226,Thursday,11:00,General Consultation,0,2,17,19,2,0
1227,Wednesday,16:00,Specialist,1,2,25,43,0,0
1228,Tuesday,14:00,General Consultation,0,3,12,50,3,0
1229,Saturday,14:00,General Consultation,0,4,19,18,3,0
1230,Wednesday,14:00,Specialist,0,2,16,67,3,0
1231,Saturday,10:00,Follow-up,0,5,30,65,0,0
1232,Tuesday,11:00,Follow-up,0,1,46,12,3,0
1233,Tuesday,14:00,Specialist,0,4,40,61,1,0
1234,Monday,9:00,General Consultation,0,3,32,60,0,1
1235,Thursday,11:00,Specialist,0,6,36,29,0,0
1236,Wednesday,11:00,General Consultation,0,2,31,29,0,0
1237,Friday,11:00,General Consultation,1,5,48,50,4,0
1238,Wednesday,16:00,General Consultation,0,4,36,47,2,0
1239,Saturday,9:00,General Consultation,0,5,13,32,4,0
1240,Tuesday,12:00,General Consultation,0,5,33,73,4,0
1241,Friday,10:00,Emergency,1,6,32,18,4,1
1242,Friday,16:00,Emergency,1,3,28,70,2,0
1243,Friday,9:00,General Consultation,0,4,12,56,4,1
1244,Friday,11:00,General Consultation,1,2,36,18,3,0
1245,Friday,14:00,General Consultation,0,3,12,40,0,1
1246,Thursday,14:00,General Consultation,0,2,37,41,0,0
1247,Monday,11:00,Emergency,1,1,26,51,1,1
1248,Monday,11:00,General Consultation,1,5,40,3,3,0
1249,Saturday,11:00,Follow-up,0,1,19,3,2,0
1250,Thursday,10:00,General Consultation,1,5,31,4,0,0
1251,Friday,10:00,Emergency,0,6,39,40,4,1
1252,Wednesday,12:00,General Consultation,1,3,30,60,1,1
1253,Monday,10:00,Follow-up,0,2,45,74,1,0
1254,Monday,11:00,General Consultation,0,6,32,54,0,1
1255,Thursday,14:00,Specialist,0,2,47,74,3,0
1256,Wednesday,16:00,General Consultation,0,3,21,12,1,0
1257,Tuesday,14:00,General Consultation,0,4,34,13,0,0
1258,Wednesday,9:00,Emergency,0,1,29,59,3,0
1259,Monday,9:00,Emergency,0,1,16,71,0,1
1260,Thursday,16:00,Follow-up,0,2,38,24,0,0
1261,Tuesday,11:00,Specialist,0,2,38,43,3,0
1262,Friday,9:00,Follow-up,0,2,22,9,3,0
1263,Tuesday,12:00,General Consultation,0,3,12,70,3,0
1264,Wednesday,14:00,General Consultation,1,4,11,49,0,0
1265,Monday,14:00,General Consultation,1,1,25,43,1,0
1266,Monday,10:00,Specialist,1,6,39,13,2,0
1267,Wednesday,9:00,General Consultation,0,5,47,14,2,1
1268,Wednesday,16:00,General Consultation,1,3,15,15,0,1
1269,Thursday,10:00,Specialist,0,1,16,1,0,0
1270,Tuesday,14:00,Follow-up,0,4,14,29,1,0
1271,Friday,14:00,General Consultation,0,3,16,29,3,0
1272,Friday,14:00,General Consultation,1,6,43,30,0,0
1273,Friday,11:00,General Consultation,0,1,41,19,4,0
1274,Monday,11:00,General Consultation,0,3,22,48,3,0
1275,Wednesday,12:00,General Consultation,0,1,39,34,0,0
1276,Monday,15:00,Specialist,1,1,34,22,4,1
1277,Tuesday,16:00,Specialist,0,4,30,60,1,0
1278,Saturday,9:00,Specialist,0,5,30,54,4,0
1279,Monday,10:00,General Consultation,0,4,37,66,0,1
1280,Wednesday,16:00,Follow-up,0,1,29,7,2,0
1281,Thursday,14:00,General Consultation,0,3,43,39,0,0
1282,Friday,15:00,Specialist,0,6,14,58,2,0
1283,Thursday,10:00,Follow-up,1,4,27,31,1,1
1284,Monday,12:00,General Consultation,0,5,48,6,1,0
1285,Tuesday,14:00,General Consultation,0,1,20,1,3,1
1286,Wednesday,14:00,Follow-up,0,6,26,5,3,0
1287,Monday,11:00,General Consultation,0,4,31,35,2,0
1288,Wednesday,9:00,Specialist,0,4,46,31,2,0
1289,Monday,12:00,General Consultation,0,4,29,44,1,0
1290,Monday,10:00,Specialist,0,4,15,41,4,1
1291,Wednesday,12:00,General Consultation,1,6,43,52,2,0
1292,Monday,16:00,General Consultation,0,3,23,8,2,0
1293,Thursday,11:00,Specialist,0,5,32,74,4,0
1294,Thursday,15:00,General Consultation,1,5,29,74,3,1
1295,Friday,10:00,General Consultation,0,1,22,48,3,0
1296,Tuesday,14:00,General Consultation,1,2,41,1,2,1
1297,Monday,16:00,General Consultation,0,3,35,66,3,0
1298,Monday,9:00,General Consultation,0,1,23,10,3,0
1299,Thursday,9:00,General Consultation,1,1,45,49,3,0
1300,Friday,11:00,Emergency,0,4,17,34,1,0
1301,Monday,9:00,General Consultation,0,2,49,14,0,0
1302,Saturday,14:00,Specialist,1,2,31,74,2,0
1303,Monday,16:00,General Consultation,0,3,31,30,2,0
1304,Thursday,11:00,General Consultation,0,2,25,61,1,1
1305,Friday,10:00,Emergency,0,1,36,27,0,0
1306,Friday,11:00,General Consultation,1,2,19,24,0,0
1307,Friday,14:00,Emergency,1,2,34,24,1,0
1308,Friday,9:00,General Consultation,0,5,40,74,4,0
1309,Tuesday,12:00,Follow-up,0,1,30,0,4,0
1310,Friday,14:00,Specialist,1,6,36,58,0,0
1311,Monday,14:00,Follow-up,0,2,26,68,4,0
1312,Saturday,10:00,Specialist,0,2,42,73,4,0
1313,Thursday,14:00,Specialist,0,4,40,41,4,0
1314,Friday,9:00,General Consultation,1,2,35,33,0,0
1315,Wednesday,10:00,General Consultation,1,2,30,65,4,0
1316,Thursday,15:00,Emergency,0,5,45,17,2,0
1317,Thursday,14:00,General Consultation,0,1,10,4,0,0
1318,Friday,9:00,General Consultation,0,3,13,19,1,0
1319,Monday,10:00,Follow-up,0,1,13,65,4,0
1320,Monday,10:00,General Consultation,0,4,35,74,3,0
1321,Tuesday,11:00,Emergency,1,1,13,61,0,0
1322,Monday,10:00,Follow-up,0,2,18,31,1,0
1323,Friday,9:00,Specialist,1,4,39,57,2,0
1324,Tuesday,12:00,Follow-up,0,1,13,49,1,0
1325,Saturday,14:00,General Consultation,0,4,14,37,4,0
1326,Tuesday,14:00,General Consultation,0,3,32,54,3,0
1327,Tuesday,14:00,Specialist,0,1,25,27,4,0
1328,Friday,9:00,General Consultation,0,6,31,73,1,0
1329,Thursday,16:00,Follow-up,1,2,46,21,0,0
1330,Wednesday,15:00,Emergency,1,4,17,42,3,0
1331,Thursday,15:00,General Consultation,0,6,42,35,3,0
1332,Friday,15:00,General Consultation,0,6,47,51,1,0
1333,Tuesday,16:00,Emergency,1,5,25,35,4,0
1334,Saturday,12:00,General Consultation,0,4,14,27,1,0
1335,Saturday,10:00,Specialist,0,6,25,57,3,0
1336,Thursday,14:00,General Consultation,0,5,16,35,1,0
1337,Tuesday,14:00,Emergency,1,6,10,69,3,1
1338,Thursday,14:00,Specialist,0,2,18,8,4,0
1339,Monday,12:00,Follow-up,0,3,27,20,0,0
1340,Monday,9:00,Follow-up,1,5,12,63,0,0
1341,Tuesday,11:00,General Consultation,0,3,33,60,1,1
1342,Wednesday,16:00,General Consultation,0,4,37,39,3,1
1343,Friday,12:00,Follow-up,0,2,19,55,0,0
1344,Friday,12:00,General Consultation,1,5,18,3,3,1
1345,Friday,10:00,Follow-up,0,4,22,30,4,0
1346,Wednesday,11:00,Emergency,1,6,44,26,1,0
1347,Tuesday,15:00,Specialist,0,1,32,57,3,0
1348,Wednesday,14:00,Follow-up,0,4,26,24,1,0
1349,Saturday,15:00,Follow-up,1,3,16,68,3,0
1350,Monday,12:00,Follow-up,0,2,25,69,3,0
1351,Friday,14:00,General Consultation,0,2,49,4,4,0
1352,Thursday,10:00,General Consultation,0,4,45,7,1,0
1353,Wednesday,14:00,General Consultation,0,6,29,8,2,1
1354,Friday,11:00,Specialist,0,1,33,14,3,0
1355,Wednesday,11:00,Specialist,0,3,14,6,3,0
1356,Friday,14:00,Follow-up,0,4,15,71,0,0
1357,Saturday,16:00,General Consultation,1,4,37,14,1,0
1358,Wednesday,9:00,Specialist,0,2,14,36,2,0
1359,Tuesday,15:00,General Consultation,1,3,48,38,4,1
1360,Thursday,11:00,Follow-up,0,1,47,5,2,1
1361,Saturday,11:00,Specialist,0,2,11,56,4,1
1362,Tuesday,9:00,General Consultation,0,4,48,18,2,0
1363,Thursday,11:00,General Consultation,0,2,30,62,2,0
1364,Thursday,12:00,Follow-up,0,2,49,30,1,0
1365,Friday,9:00,Specialist,1,5,46,74,0,0
1366,Monday,12:00,General Consultation,1,2,27,9,2,0
1367,Friday,16:00,Emergency,1,6,21,66,3,0
1368,Saturday,9:00,Follow-up,0,2,26,61,3,1
1369,Monday,15:00,Emergency,1,6,46,2,3,0
1370,Tuesday,11:00,General Consultation,0,3,47,17,0,0
1371,Saturday,14:00,Specialist,0,2,24,24,2,0
1372,Tuesday,10:00,Follow-up,1,1,16,19,4,0
1373,Friday,10:00,Specialist,0,6,23,57,4,1
1374,Wednesday,10:00,Follow-up,0,6,10,49,1,0
1375,Tuesday,9:00,General Consultation,0,4,47,9,0,0
1376,Friday,10:00,General Consultation,0,3,12,20,2,0
1377,Wednesday,14:00,General Consultation,1,2,46,28,3,0
1378,Wednesday,15:00,General Consultation,0,1,40,9,0,0
1379,Wednesday,15:00,General Consultation,1,4,22,12,0,1
1380,Thursday,14:00,General Consultation,0,3,27,46,2,0
1381,Monday,9:00,Emergency,0,6,26,22,1,0
1382,Wednesday,11:00,General Consultation,0,1,26,49,1,0
1383,Saturday,11:00,Specialist,0,2,20,3,1,0
1384,Tuesday,10:00,Follow-up,0,5,29,66,3,0
1385,Thursday,12:00,Specialist,1,5,19,52,3,0
1386,Tuesday,12:00,General Consultation,1,3,38,1,2,0
1387,Friday,11:00,Follow-up,1,1,43,67,1,1
1388,Monday,11:00,Specialist,1,4,26,64,2,0
1389,Saturday,15:00,Follow-up,1,1,22,56,1,1
1390,Wednesday,15:00,Follow-up,0,6,48,69,0,1
1391,Tuesday,11:00,Emergency,1,5,36,6,4,0
1392,Monday,16:00,Specialist,0,3,35,18,4,0
1393,Monday,16:00,General Consultation,0,2,37,43,1,1
1394,Wednesday,11:00,Specialist,0,1,22,62,2,1
1395,Tuesday,11:00,General Consultation,0,5,21,64,3,0
1396,Friday,12:00,Follow-up,0,4,37,38,1,0
1397,Wednesday,16:00,General Consultation,1,3,11,25,1,1
1398,Tuesday,15:00,General Consultation,0,2,46,43,3,0
1399,Thursday,9:00,Follow-up,0,1,43,11,1,1
1400,Friday,11:00,Specialist,0,4,32,21,0,0
1401,Monday,12:00,General Consultation,0,2,38,13,3,0
1402,Monday,12:00,Specialist,0,6,44,29,0,0
1403,Monday,10:00,Follow-up,0,5,20,43,4,0
1404,Friday,15:00,General Consultation,0,6,42,37,3,0
1405,Thursday,14:00,Follow-up,0,5,20,58,3,0
1406,Wednesday,15:00,General Consultation,1,4,18,41,2,0
1407,Friday,15:00,Follow-up,1,6,23,51,2,1
1408,Friday,14:00,Follow-up,0,5,18,62,3,0
1409,Thursday,11:00,General Consultation,0,3,48,60,4,0
1410,Friday,14:00,General Consultation,0,4,12,33,1,0
1411,Tuesday,10:00,General Consultation,1,5,38,38,2,0
1412,Monday,14:00,Follow-up,0,1,28,40,4,0
1413,Tuesday,10:00,Specialist,0,5,45,36,4,0
1414,Monday,14:00,Specialist,1,6,41,64,2,0
1415,Thursday,10:00,General Consultation,0,3,16,31,1,0
1416,Saturday,9:00,General Consultation,0,2,37,7,2,0
1417,Monday,10:00,General Consultation,0,2,27,17,4,0
1418,Monday,9:00,General Consultation,1,5,14,44,0,0
1419,Wednesday,14:00,Specialist,1,2,32,32,2,1
1420,Saturday,14:00,Follow-up,0,5,31,4,4,1
1421,Tuesday,12:00,Specialist,0,3,35,73,2,1
1422,Wednesday,10:00,General Consultation,0,2,21,35,4,1
1423,Monday,9:00,Emergency,1,6,49,22,1,0
1424,Monday,9:00,Follow-up,1,6,28,39,4,0
1425,Saturday,10:00,Emergency,0,1,10,4,3,0
1426,Saturday,15:00,Specialist,1,5,12,33,0,1
1427,Monday,10:00,General Consultation,0,2,36,23,4,1
1428,Saturday,11:00,General Consultation,0,6,27,16,2,1
1429,Thursday,9:00,Follow-up,0,3,39,70,2,0
1430,Friday,10:00,General Consultation,0,3,11,21,4,0
1431,Wednesday,12:00,General Consultation,1,1,14,14,3,0
1432,Wednesday,14:00,Specialist,0,3,38,14,4,0
1433,Wednesday,10:00,Specialist,0,3,42,24,1,0
1434,Thursday,9:00,Specialist,1,2,29,52,3,0
1435,Monday,11:00,General Consultation,1,5,39,20,4,1
1436,Monday,10:00,General Consultation,0,4,14,65,0,0
1437,Tuesday,10:00,Specialist,0,3,30,31,3,1
1438,Friday,16:00,Emergency,0,3,24,20,4,0
1439,Tuesday,14:00,Follow-up,0,4,29,67,0,1
1440,Thursday,12:00,Emergency,1,3,17,43,4,1
1441,Saturday,11:00,Follow-up,1,2,40,65,1,1
1442,Monday,11:00,Specialist,0,2,21,13,2,0
1443,Thursday,12:00,General Consultation,0,4,30,14,4,1
1444,Wednesday,14:00,Specialist,0,6,39,19,3,0
1445,Friday,14:00,Specialist,1,3,36,33,4,0
1446,Monday,10:00,Specialist,0,6,35,35,4,0
1447,Friday,12:00,Specialist,0,3,42,8,4,1
1448,Friday,11:00,Specialist,0,5,35,70,4,0
1449,Saturday,15:00,General Consultation,0,3,35,29,3,1
1450,Thursday,14:00,Specialist,0,2,45,62,3,0
1451,Wednesday,12:00,General Consultation,0,1,49,34,4,0
1452,Thursday,9:00,Follow-up,1,1,10,12,2,1
1453,Friday,14:00,General Consultation,1,1,24,45,4,0
1454,Thursday,9:00,General Consultation,1,1,10,55,3,1
1455,Monday,11:00,General Consultation,0,6,20,8,1,0
1456,Saturday,10:00,Specialist,0,6,11,35,4,0
1457,Thursday,14:00,General Consultation,0,3,10,2,4,0
1458,Thursday,10:00,General Consultation,0,6,40,18,4,0
1459,Tuesday,11:00,Specialist,1,3,25,27,4,0
1460,Thursday,15:00,General Consultation,0,5,31,22,0,0
1461,Wednesday,10:00,Emergency,0,3,27,6,4,0
1462,Thursday,12:00,Emergency,1,1,26,13,3,0
1463,Monday,11:00,Specialist,1,4,39,45,3,0
1464,Thursday,9:00,General Consultation,0,4,19,14,0,1
1465,Saturday,15:00,Follow-up,0,2,44,66,4,0
1466,Monday,9:00,General Consultation,0,2,30,14,2,1
1467,Saturday,12:00,Specialist,0,3,25,50,4,0
1468,Wednesday,12:00,General Consultation,0,4,15,7,3,0
1469,Friday,14:00,Emergency,0,1,12,68,1,0
1470,Friday,14:00,General Consultation,1,6,30,61,1,0
1471,Thursday,10:00,Specialist,0,1,22,50,2,0
1472,Friday,9:00,Follow-up,0,1,27,62,4,0
1473,Friday,14:00,Specialist,0,3,33,67,0,1
1474,Wednesday,12:00,General Consultation,0,3,36,15,4,0
1475,Tuesday,15:00,Emergency,1,5,13,23,2,0
1476,Thursday,15:00,Specialist,0,1,31,5,2,0
1477,Friday,15:00,Specialist,0,1,33,56,2,0
1478,Friday,12:00,General Consultation,0,3,49,30,1,0
1479,Friday,11:00,Specialist,1,3,19,5,4,0
1480,Wednesday,15:00,General Consultation,0,5,11,28,4,1
1481,Friday,12:00,General Consultation,1,5,49,66,0,0
1482,Monday,10:00,General Consultation,0,2,15,74,2,1
1483,Thursday,15:00,Follow-up,0,4,27,2,2,0
1484,Monday,15:00,General Consultation,0,1,26,27,3,0
1485,Tuesday,12:00,General Consultation,1,1,47,73,3,0
1486,Wednesday,9:00,Specialist,1,5,32,47,1,0
1487,Wednesday,11:00,Follow-up,0,5,39,9,4,0
1488,Friday,15:00,General Consultation,0,2,30,32,0,0
1489,Wednesday,16:00,Specialist,0,4,19,66,0,0
1490,Wednesday,10:00,General Consultation,0,2,22,68,2,0
1491,Tuesday,9:00,General Consultation,0,4,21,11,0,0
1492,Wednesday,15:00,General Consultation,1,6,18,56,2,0
1493,Tuesday,11:00,Follow-up,1,1,13,43,4,0
1494,Monday,12:00,General Consultation,0,2,48,12,0,0
1495,Thursday,16:00,General Consultation,0,5,33,23,2,0
1496,Thursday,9:00,General Consultation,1,2,43,43,4,0
1497,Thursday,14:00,Follow-up,1,6,48,56,4,0
1498,Wednesday,9:00,General Consultation,0,2,14,15,2,0
1499,Wednesday,11:00,General Consultation,0,1,24,20,2,0
1500,Friday,15:00,General Consultation,0,6,13,50,1,0
1501,Wednesday,11:00,General Consultation,0,5,48,20,4,0
1502,Wednesday,16:00,Specialist,0,5,17,59,2,0
1503,Monday,12:00,Specialist,0,3,33,50,4,0
1504,Tuesday,11:00,General Consultation,0,6,37,20,0,1
1505,Wednesday,10:00,General Consultation,0,3,36,5,3,0
1506,Wednesday,11:00,General Consultation,0,3,10,72,3,0
1507,Thursday,11:00,General Consultation,0,1,43,64,2,0
1508,Thursday,9:00,General Consultation,1,2,26,57,2,0
1509,Thursday,11:00,Follow-up,1,5,46,5,4,0
1510,Friday,12:00,Emergency,0,5,47,64,2,1
1511,Friday,14:00,Emergency,0,2,35,33,4,1
1512,Friday,14:00,Follow-up,1,5,33,55,2,0
1513,Saturday,14:00,Specialist,0,2,48,74,4,0
1514,Monday,9:00,Follow-up,0,6,30,2,2,0
1515,Tuesday,10:00,General Consultation,0,1,39,41,1,0
1516,Monday,14:00,Specialist,0,1,22,61,4,0
1517,Thursday,12:00,Specialist,0,1,46,5,1,0
1518,Saturday,9:00,Specialist,1,2,12,5,1,0
1519,Tuesday,15:00,Follow-up,0,2,41,62,1,0
1520,Saturday,15:00,General Consultation,0,4,44,19,1,0
1521,Monday,12:00,General Consultation,1,5,28,20,0,1
1522,Saturday,9:00,Emergency,0,5,23,1,3,0
1523,Wednesday,15:00,General Consultation,0,4,31,55,0,1
1524,Monday,12:00,Specialist,0,4,26,9,2,0
1525,Wednesday,15:00,Emergency,0,1,13,69,2,0
1526,Tuesday,14:00,Specialist,0,4,49,22,3,0
1527,Tuesday,15:00,Specialist,0,2,28,29,3,0
1528,Tuesday,12:00,General Consultation,0,3,46,36,3,0
1529,Friday,10:00,General Consultation,0,2,11,54,1,1
1530,Thursday,14:00,Follow-up,0,4,24,48,0,1
1531,Tuesday,14:00,Specialist,0,5,11,33,2,0
1532,Thursday,14:00,Specialist,0,2,20,43,0,0
1533,Friday,10:00,General Consultation,0,5,32,21,0,0
1534,Tuesday,10:00,General Consultation,0,2,19,30,0,0
1535,Wednesday,15:00,Emergency,1,5,12,6,3,0
1536,Monday,14:00,General Consultation,0,6,14,20,3,0
1537,Tuesday,16:00,Specialist,0,2,12,15,2,0
1538,Thursday,14:00,General Consultation,1,5,47,19,2,0
1539,Tuesday,12:00,Specialist,0,3,22,42,2,0
1540,Thursday,14:00,Emergency,0,1,28,43,0,0
1541,Friday,15:00,Specialist,1,2,49,46,3,0
1542,Monday,12:00,General Consultation,1,3,44,18,1,1
1543,Thursday,14:00,Specialist,0,1,33,47,0,0
1544,Tuesday,10:00,Follow-up,0,2,33,68,4,1
1545,Saturday,12:00,General Consultation,0,3,26,10,0,1
1546,Wednesday,14:00,Follow-up,1,3,49,28,3,1
1547,Friday,11:00,Specialist,0,6,19,44,4,1
1548,Thursday,10:00,Follow-up,0,3,11,67,0,0
1549,Monday,11:00,Specialist,1,6,32,35,3,1
1550,Thursday,10:00,General Consultation,0,4,15,47,3,0
1551,Saturday,10:00,General Consultation,1,5,11,14,1,0
1552,Thursday,11:00,General Consultation,0,1,30,43,0,1
1553,Friday,16:00,Emergency,0,5,44,66,3,0
1554,Saturday,12:00,Follow-up,0,5,38,73,2,1
1555,Tuesday,10:00,Specialist,1,6,16,39,3,0
1556,Tuesday,9:00,General Consultation,0,5,38,13,1,1
1557,Thursday,14:00,General Consultation,0,3,46,62,3,0
1558,Wednesday,11:00,Follow-up,0,6,32,50,0,0
1559,Friday,15:00,Specialist,0,5,42,57,0,0
1560,Saturday,14:00,General Consultation,1,6,17,14,4,1
1561,Wednesday,15:00,Specialist,0,4,21,64,0,1
1562,Tuesday,11:00,General Consultation,0,6,19,54,4,1
1563,Friday,14:00,General Consultation,1,2,24,9,2,0
1564,Tuesday,10:00,Specialist,0,3,33,41,1,0
1565,Friday,16:00,General Consultation,0,1,35,10,2,0
1566,Wednesday,14:00,Emergency,0,2,48,15,4,1
1567,Thursday,11:00,General Consultation,1,2,12,72,3,0
1568,Monday,10:00,General Consultation,0,2,11,18,3,0
1569,Thursday,10:00,General Consultation,0,5,15,30,2,0
1570,Wednesday,14:00,Follow-up,0,6,30,72,3,1
1571,Thursday,10:00,General Consultation,0,6,18,52,4,1
1572,Monday,12:00,Specialist,0,5,19,7,1,1
1573,Friday,10:00,General Consultation,0,3,45,23,0,0
1574,Friday,14:00,General Consultation,0,5,12,7,4,0
1575,Tuesday,15:00,General Consultation,0,5,33,47,4,0
1576,Monday,15:00,Follow-up,0,5,31,29,0,0
1577,Monday,15:00,Follow-up,1,3,23,57,0,1
1578,Thursday,10:00,General Consultation,1,3,36,54,1,0
1579,Thursday,9:00,Specialist,1,4,42,72,1,0
1580,Thursday,14:00,Emergency,0,4,31,61,1,0
1581,Tuesday,11:00,General Consultation,0,4,38,47,3,0
1582,Wednesday,11:00,Follow-up,0,4,28,3,4,1
1583,Thursday,9:00,General Consultation,1,6,28,36,0,0
1584,Wednesday,10:00,Emergency,1,2,15,7,4,0
1585,Saturday,9:00,Follow-up,1,2,28,0,4,0
1586,Monday,15:00,Emergency,0,4,22,69,1,0
1587,Friday,10:00,Specialist,0,4,35,46,1,0
1588,Wednesday,12:00,General Consultation,0,1,31,74,4,0
1589,Wednesday,9:00,Emergency,0,2,30,4,1,1
1590,Friday,14:00,General Consultation,0,1,45,49,3,0
1591,Friday,11:00,General Consultation,1,1,11,23,0,0
1592,Saturday,15:00,Follow-up,0,5,39,46,4,0
1593,Monday,15:00,Follow-up,0,6,36,17,0,0
1594,Monday,11:00,Emergency,0,3,16,27,3,1
1595,Friday,16:00,General Consultation,1,2,29,4,1,0
1596,Thursday,16:00,Follow-up,0,4,40,29,2,0
1597,Tuesday,15:00,Follow-up,0,4,32,0,3,1
1598,Monday,15:00,General Consultation,1,3,22,45,2,0
1599,Monday,10:00,General Consultation,0,2,26,68,0,0
1600,Saturday,12:00,General Consultation,0,4,13,30,4,0
1601,Tuesday,9:00,General Consultation,0,4,23,69,1,0
1602,Tuesday,9:00,Emergency,0,5,29,55,3,0
1603,Tuesday,16:00,Specialist,1,1,22,27,1,0
1604,Wednesday,11:00,Follow-up,1,4,12,15,2,1
1605,Monday,14:00,Emergency,0,6,35,53,2,0
1606,Wednesday,15:00,General Consultation,0,2,35,52,4,1
1607,Monday,15:00,Follow-up,0,6,27,11,2,0
1608,Friday,16:00,General Consultation,0,3,41,19,4,0
1609,Tuesday,10:00,Follow-up,0,5,23,33,3,0
1610,Thursday,9:00,General Consultation,0,2,12,52,4,0
1611,Saturday,11:00,Emergency,0,5,10,63,2,0
1612,Thursday,10:00,General Consultation,1,1,35,22,0,0
1613,Thursday,9:00,General Consultation,0,4,33,26,4,0
1614,Tuesday,11:00,Follow-up,0,2,44,16,1,0
1615,Tuesday,15:00,General Consultation,0,3,23,47,0,0
1616,Thursday,12:00,Specialist,1,1,12,20,4,1
1617,Saturday,11:00,General Consultation,0,1,22,49,1,1
1618,Thursday,14:00,Follow-up,0,5,23,39,0,0
1619,Thursday,10:00,General Consultation,0,1,30,2,4,1
1620,Friday,9:00,General Consultation,1,2,35,16,3,1
1621,Wednesday,15:00,General Consultation,0,5,12,60,1,0
1622,Monday,14:00,Specialist,1,1,49,49,3,0
1623,Thursday,15:00,General Consultation,1,3,13,5,2,0
1624,Saturday,9:00,General Consultation,1,6,45,27,4,0
1625,Monday,15:00,General Consultation,0,2,10,71,4,0
1626,Friday,14:00,General Consultation,0,3,49,54,1,0
1627,Tuesday,12:00,Specialist,0,3,42,57,4,0
1628,Thursday,14:00,Follow-up,1,5,16,44,2,0
1629,Monday,15:00,General Consultation,0,4,20,71,4,1
1630,Wednesday,12:00,Specialist,0,5,36,18,0,0
1631,Friday,12:00,Specialist,0,2,23,28,3,0
1632,Tuesday,16:00,General Consultation,0,2,31,22,2,1
1633,Thursday,14:00,Follow-up,0,5,25,31,2,0
1634,Friday,11:00,General Consultation,0,4,21,9,3,0
1635,Saturday,14:00,Specialist,0,5,19,48,3,1
1636,Tuesday,11:00,General Consultation,1,2,33,64,2,1
1637,Wednesday,10:00,Specialist,0,4,27,28,3,0
1638,Monday,12:00,Specialist,0,2,31,58,1,0
1639,Saturday,16:00,General Consultation,0,4,18,44,3,1
1640,Saturday,16:00,General Consultation,0,4,26,66,0,0
1641,Thursday,11:00,Emergency,1,5,47,50,0,0
1642,Friday,12:00,General Consultation,0,5,49,10,1,0
1643,Thursday,10:00,Specialist,0,5,22,5,3,0
1644,Thursday,16:00,Emergency,0,4,46,66,0,0
1645,Monday,16:00,Follow-up,1,4,15,61,4,0
1646,Friday,14:00,Specialist,0,2,30,4,3,1
1647,Monday,15:00,Follow-up,1,3,45,8,1,0
1648,Friday,14:00,Follow-up,0,5,16,27,3,0
1649,Friday,12:00,Specialist,0,6,45,37,2,0
1650,Friday,9:00,Specialist,0,2,34,42,2,1
1651,Monday,12:00,General Consultation,1,2,20,20,0,0
1652,Tuesday,14:00,Emergency,0,1,23,61,2,0
1653,Tuesday,14:00,Specialist,1,5,38,45,1,1
1654,Wednesday,11:00,General Consultation,0,2,19,69,0,0
1655,Monday,16:00,Follow-up,0,1,14,37,1,0
1656,Saturday,10:00,Specialist,0,6,17,48,1,1
1657,Thursday,12:00,General Consultation,1,6,14,74,2,1
1658,Tuesday,14:00,Specialist,0,5,33,38,2,0
1659,Wednesday,14:00,General Consultation,1,4,49,70,1,1
1660,Wednesday,14:00,Follow-up,1,1,35,29,2,0
1661,Thursday,11:00,General Consultation,1,4,15,20,2,0
1662,Wednesday,10:00,Follow-up,0,6,25,0,2,1
1663,Saturday,14:00,Specialist,0,6,45,31,3,1
1664,Wednesday,12:00,General Consultation,1,3,21,7,1,0
1665,Saturday,10:00,Emergency,0,3,20,68,4,0
1666,Friday,14:00,Specialist,0,3,12,29,1,0
1667,Tuesday,12:00,General Consultation,0,3,46,7,0,0
1668,Saturday,14:00,Specialist,0,2,15,18,2,0
1669,Monday,15:00,Follow-up,0,3,28,58,2,0
1670,Friday,10:00,General Consultation,0,2,27,54,4,0
1671,Wednesday,9:00,General Consultation,0,2,25,29,0,0
1672,Friday,15:00,General Consultation,0,5,32,35,3,0
1673,Friday,14:00,General Consultation,0,2,46,54,1,1
1674,Friday,14:00,Follow-up,0,2,18,43,3,0
1675,Friday,15:00,Specialist,0,3,12,26,0,0
1676,Tuesday,15:00,General Consultation,0,2,17,53,4,1
1677,Monday,16:00,General Consultation,0,4,47,47,0,0
1678,Wednesday,12:00,General Consultation,0,3,13,29,4,0
1679,Monday,12:00,Emergency,0,1,21,38,3,0
1680,Friday,11:00,General Consultation,1,3,40,12,3,0
1681,Tuesday,10:00,Emergency,0,2,34,15,0,0
1682,Saturday,12:00,Specialist,1,4,25,43,0,0
1683,Thursday,11:00,General Consultation,0,3,23,70,2,0
1684,Friday,16:00,Follow-up,0,4,22,26,4,0
1685,Monday,12:00,Specialist,0,1,16,44,2,0
1686,Friday,12:00,Follow-up,0,6,21,34,1,0
1687,Saturday,11:00,Emergency,0,1,46,27,1,1
1688,Wednesday,9:00,General Consultation,0,6,13,6,0,0
1689,Thursday,9:00,General Consultation,0,5,11,61,3,0
1690,Friday,11:00,Follow-up,0,6,44,50,1,0
1691,Monday,9:00,General Consultation,0,5,12,45,1,0
1692,Wednesday,14:00,General Consultation,1,3,13,19,2,1
1693,Wednesday,15:00,General Consultation,0,5,47,37,2,0
1694,Monday,15:00,General Consultation,0,4,21,60,1,1
1695,Wednesday,14:00,Follow-up,0,5,28,31,0,0
1696,Monday,10:00,General Consultation,0,4,19,25,2,1
1697,Monday,15:00,Specialist,1,6,10,57,1,0
1698,Monday,15:00,Specialist,0,6,26,38,3,0
1699,Saturday,10:00,General Consultation,0,6,25,19,2,0
1700,Thursday,14:00,General Consultation,1,5,18,49,1,0
1701,Saturday,11:00,Follow-up,0,6,18,51,4,0
1702,Wednesday,15:00,General Consultation,0,5,18,21,2,0
1703,Tuesday,16:00,Follow-up,1,5,21,52,4,0
1704,Wednesday,9:00,Follow-up,0,2,24,65,2,1
1705,Wednesday,15:00,General Consultation,0,2,11,42,2,0
1706,Monday,14:00,Specialist,0,5,20,22,4,1
1707,Thursday,16:00,Specialist,0,4,20,63,0,1
1708,Tuesday,12:00,General Consultation,0,3,17,8,1,1
1709,Thursday,15:00,Follow-up,1,1,41,6,0,0
1710,Thursday,9:00,Follow-up,0,2,15,40,0,0
1711,Monday,11:00,General Consultation,1,5,29,53,1,0
1712,Monday,9:00,Specialist,1,1,48,64,3,0
1713,Friday,16:00,Emergency,0,2,44,1,0,0
1714,Wednesday,15:00,Emergency,0,3,17,3,0,1
1715,Monday,15:00,Specialist,0,4,43,31,0,0
1716,Saturday,16:00,Specialist,1,5,28,1,3,0
1717,Monday,9:00,General Consultation,1,3,16,63,2,1
1718,Friday,11:00,Emergency,0,2,40,13,4,0
1719,Saturday,9:00,General Consultation,0,5,27,19,4,0
1720,Tuesday,10:00,Specialist,0,1,49,48,3,0
1721,Monday,10:00,General Consultation,1,6,23,7,0,0
1722,Monday,12:00,General Consultation,0,4,48,62,4,0
1723,Tuesday,10:00,General Consultation,0,2,45,45,3,0
1724,Monday,9:00,Emergency,1,4,26,20,1,1
1725,Friday,10:00,General Consultation,0,5,46,31,4,0
1726,Monday,10:00,Specialist,0,6,18,7,1,0
1727,Wednesday,16:00,General Consultation,0,3,29,15,0,0
1728,Saturday,14:00,General Consultation,0,4,37,39,4,0
1729,Friday,16:00,General Consultation,0,1,29,26,3,0
1730,Thursday,11:00,Specialist,1,2,45,17,2,0
1731,Tuesday,11:00,General Consultation,0,1,36,34,4,0
1732,Thursday,15:00,General Consultation,0,4,17,51,4,0
1733,Thursday,11:00,General Consultation,0,6,41,14,4,0
1734,Wednesday,11:00,General Consultation,0,3,10,62,4,0
1735,Monday,10:00,Emergency,0,3,26,52,3,0
1736,Saturday,10:00,Emergency,1,1,18,65,3,0
1737,Wednesday,10:00,General Consultation,1,5,29,30,2,0
1738,Tuesday,11:00,Specialist,0,5,41,60,3,0
1739,Wednesday,14:00,Emergency,0,6,11,63,3,1
1740,Wednesday,9:00,General Consultation,0,3,41,33,0,0
1741,Friday,10:00,Follow-up,1,1,18,54,0,0
1742,Friday,15:00,Emergency,0,1,39,58,1,0
1743,Friday,10:00,General Consultation,1,1,29,2,2,0
1744,Monday,11:00,General Consultation,0,4,47,16,0,0
1745,Wednesday,15:00,Emergency,1,6,10,45,2,0
1746,Wednesday,10:00,Specialist,0,5,14,37,2,0
1747,Monday,9:00,General Consultation,1,5,44,34,4,0
1748,Tuesday,12:00,General Consultation,0,4,45,0,2,0
1749,Friday,11:00,General Consultation,0,2,10,28,4,1
1750,Monday,12:00,Specialist,0,4,23,3,1,0
1751,Thursday,15:00,Follow-up,1,6,18,60,1,0
1752,Tuesday,10:00,Emergency,0,1,39,16,1,1
1753,Monday,12:00,General Consultation,1,4,33,27,4,1
1754,Tuesday,12:00,Specialist,1,1,13,49,4,0
1755,Saturday,10:00,Specialist,0,6,23,7,1,0
1756,Friday,14:00,General Consultation,1,6,34,33,4,0
1757,Saturday,11:00,General Consultation,0,3,13,58,3,1
1758,Wednesday,12:00,Emergency,0,1,34,17,3,0
1759,Monday,9:00,Follow-up,0,5,19,58,4,1
1760,Thursday,12:00,Specialist,0,4,44,26,4,0
1761,Wednesday,11:00,Specialist,1,6,16,15,0,0
1762,Friday,15:00,General Consultation,0,1,22,9,0,1
1763,Monday,9:00,Specialist,0,2,13,21,2,0
1764,Wednesday,11:00,Specialist,0,3,45,15,2,0
1765,Monday,12:00,Specialist,0,2,23,11,2,0
1766,Tuesday,14:00,Emergency,0,6,27,74,1,0
1767,Friday,12:00,Specialist,1,2,17,50,3,0
1768,Wednesday,14:00,General Consultation,0,2,41,0,1,0
1769,Wednesday,15:00,Follow-up,0,3,36,26,4,0
1770,Wednesday,15:00,General Consultation,0,3,46,66,0,0
1771,Wednesday,11:00,General Consultation,0,3,32,11,4,0
1772,Friday,12:00,General Consultation,1,3,16,29,4,1
1773,Saturday,15:00,General Consultation,0,2,21,8,0,0
1774,Saturday,16:00,Follow-up,1,5,34,52,4,0
1775,Friday,15:00,Specialist,0,5,12,60,2,0
1776,Tuesday,11:00,Follow-up,0,3,35,53,0,0
1777,Thursday,10:00,Specialist,1,4,13,36,4,1
1778,Wednesday,12:00,General Consultation,1,1,45,64,2,1
1779,Tuesday,14:00,Follow-up,0,6,24,41,2,0
1780,Friday,12:00,General Consultation,0,4,41,48,3,0
1781,Monday,12:00,General Consultation,0,6,38,3,2,1
1782,Saturday,15:00,Specialist,0,4,19,63,1,1
1783,Wednesday,11:00,General Consultation,1,4,30,50,0,1
1784,Thursday,15:00,General Consultation,1,5,25,71,0,0
1785,Thursday,11:00,Specialist,0,1,28,59,0,1
1786,Saturday,11:00,Specialist,1,4,38,30,4,0
1787,Thursday,12:00,General Consultation,0,3,27,71,4,0
1788,Thursday,15:00,Emergency,0,6,25,57,1,0
1789,Monday,10:00,Specialist,0,5,10,3,2,0
1790,Wednesday,10:00,Follow-up,0,6,11,21,4,0
1791,Monday,16:00,General Consultation,0,3,24,2,2,1
1792,Friday,10:00,Specialist,0,3,48,46,2,0
1793,Wednesday,12:00,Follow-up,0,4,37,37,4,0
1794,Thursday,12:00,Specialist,0,3,10,32,4,0
1795,Monday,12:00,Follow-up,1,1,14,47,1,0
1796,Monday,14:00,General Consultation,0,3,31,64,3,0
1797,Friday,10:00,General Consultation,0,4,45,25,0,1
1798,Monday,12:00,Specialist,1,6,22,7,4,0
1799,Monday,11:00,General Consultation,1,3,10,49,4,0
1800,Monday,14:00,Follow-up,1,5,25,37,2,0
